date,close,open,high,low,volune,change
2021年7月14日,32820.7,32727.8,33051.9,31611.2,69.56K,0.0028
2021年7月13日,32728.1,33106.1,33307.7,32259.5,60.04K,-0.0116
2021年7月12日,33113,34228.3,34598,32662.8,63.24K,-0.0326
2021年7月11日,34227.7,33510.8,34580.6,33319.8,35.72K,0.0214
2021年7月10日,33510.6,33797.7,34221,33056.8,50.94K,-0.0085
2021年7月9日,33797.4,32866.3,34079.2,32367,67.14K,0.0283
2021年7月8日,32866.3,33859.4,33923.2,32146.9,108.09K,-0.0296
2021年7月7日,33867.8,34228.7,35036.6,33801.3,72.03K,-0.0105
2021年7月6日,34225.6,33688.5,35062,33581.7,83.63K,0.016
2021年7月5日,33687.8,35297,35300.5,33164.1,88.36K,-0.0456
2021年7月4日,35298.2,34742.8,35957.6,34740.1,56.13K,0.016
2021年7月3日,34742.8,33814.2,34909.8,33363.3,55.69K,0.0275
2021年7月2日,33813.4,33542.2,33925.9,32734.6,78.93K,0.008
2021年7月1日,33543.6,35030.7,35032.7,32839.2,27.41K,-0.0423
2021年6月30日,35026.9,35832.6,36089.5,34126.6,107.07K,-0.0225
2021年6月29日,35834.7,34477.3,36590.3,34247.6,97.27K,0.0394
2021年6月28日,34475.9,34682.2,35231.2,33944.9,112.00K,-0.0058
2021年6月27日,34678.5,32247.1,34685.5,32041.7,148.80K,0.0755
2021年6月26日,32243.4,31592.1,32643,30206.9,156.67K,0.0206
2021年6月25日,31594,34660.5,35490.9,31337.9,193.43K,-0.0886
2021年6月24日,34665.8,33678.1,35249.9,32356.7,119.25K,0.0294
2021年6月23日,33674.3,32498.3,34784.3,31736.5,173.34K,0.0362
2021年6月22日,32496.4,31682.7,33272.5,28901.8,309.65K,0.0254
2021年6月21日,31692,35597.9,35708.4,31284.1,256.87K,-0.1097
2021年6月20日,35595.8,35510.9,36097.9,33378,137.48K,0.0023
2021年6月19日,35513.4,35770,36357.3,34845.5,105.46K,-0.0066
2021年6月18日,35749.4,38045.5,38166,35198.5,102.84K,-0.0605
2021年6月17日,38052,38337.8,39529.9,37425.3,109.58K,-0.0074
2021年6月16日,38336,40148.1,40494.4,38156.4,123.52K,-0.0453
2021年6月15日,40156.1,40522.5,41318,39589.9,117.55K,-0.0092
2021年6月14日,40529.4,39024.1,40970.4,38769.9,157.35K,0.0386
2021年6月13日,39022.9,35467.5,39321.6,34827,123.32K,0.1002
2021年6月12日,35467.5,37334.4,37437.3,34703.3,87.73K,-0.0495
2021年6月11日,37314.6,36654.3,37641.1,36003.3,109.15K,0.0181
2021年6月10日,36649.4,37375.2,38340.8,35824,154.32K,-0.0183
2021年6月9日,37332.2,33385.5,37517.6,32428.6,209.82K,0.1183
2021年6月8日,33382.9,33574.6,34047.8,31158.1,193.54K,-0.0058
2021年6月7日,33578,35815.4,36754.6,33410.1,119.50K,-0.0625
2021年6月6日,35815.4,35518.7,36434,35265.3,62.20K,0.0083
2021年6月5日,35520,36841.2,37887.6,34832,101.48K,-0.0361
2021年6月4日,36851.3,39191.4,39255.4,35659.9,127.71K,-0.0596
2021年6月3日,39187.3,37555.7,39462.3,37193.6,106.44K,0.0434
2021年6月2日,37555.8,36687.7,38199.9,35981.1,96.89K,0.0237
2021年6月1日,36687.6,37294.3,37850.3,35742.7,113.48K,-0.0164
2021年5月31日,37298.6,35644,37480.7,34213.2,131.70K,0.0462
2021年5月30日,35652.8,34589.3,36388.6,33441,104.18K,0.0309
2021年5月29日,34584.6,35664.5,37227.1,33664.2,160.43K,-0.0302
2021年5月28日,35662.5,38543.2,38844.1,34772.4,199.58K,-0.0717
2021年5月27日,38417.3,39249,40322.2,37190.8,122.93K,-0.0212
2021年5月26日,39249.2,38375.7,40750,37847,153.80K,0.0227
2021年5月25日,38378.3,38753.6,39740.8,36540.7,163.01K,-0.0096
2021年5月24日,38750.6,34720.3,39851.7,34474.6,244.88K,0.1174
2021年5月23日,34679.7,37446.8,38248.7,31192.4,325.73K,-0.0739
2021年5月22日,37448.3,37291,38776,35314.9,185.83K,0.004
2021年5月21日,37297.4,40611.2,42108.3,33592.3,315.50K,-0.084
2021年5月20日,40717.2,36706.8,42425.9,35010.4,269.75K,0.1088
2021年5月19日,36720.5,42898.3,43516.6,30261.7,607.10K,-0.144
2021年5月18日,42897.3,43538.5,45770.9,42293.9,154.96K,-0.0148
2021年5月17日,43541.3,46424.2,46545.4,42201.5,274.76K,-0.0621
2021年5月16日,46426.4,46729.3,49764.3,43920.8,180.07K,-0.006
2021年5月15日,46708.8,49839.1,50640.9,46650.2,131.91K,-0.0628
2021年5月14日,49839.8,49704.9,51459.2,48874,118.84K,0.0027
2021年5月13日,49704.6,49398.2,51337.3,46331.1,236.71K,0.0065
2021年5月12日,49384.2,56694.5,57938.5,49187,160.74K,-0.129
2021年5月11日,56695.7,55846.1,56871.1,54550.4,96.47K,0.0152
2021年5月10日,55848.9,58251.2,59523.9,53678.3,142.61K,-0.041
2021年5月9日,58238.3,58840.6,59227,56414.4,103.59K,-0.0102
2021年5月8日,58840.1,57330.3,59471.1,56972.2,101.27K,0.0262
2021年5月7日,57337.2,56411.4,58639.3,55300.1,110.01K,0.0165
2021年5月6日,56405.4,57441,58364.9,55294.5,109.02K,-0.018
2021年5月5日,57441.3,53872.5,57936.4,53872.5,119.82K,0.0688
2021年5月4日,53741.5,57170.6,57201.3,53741.5,132.33K,-0.06
2021年5月3日,57169.8,56605.8,58925.1,56562.4,89.24K,0.01
2021年5月2日,56603.8,57807.2,57868.4,56110.5,53.61K,-0.0208
2021年5月1日,57807.1,57719.1,58449.4,57029.5,63.41K,0.0015
2021年4月30日,57720.3,53562.3,57925.6,53088.7,103.74K,0.0777
2021年4月29日,53560.8,54838.6,55173.7,52400,83.90K,-0.0234
2021年4月28日,54841.4,55036,56419.9,53876.4,86.96K,-0.0035
2021年4月27日,55036.5,54011.1,55427.8,53345,84.08K,0.0188
2021年4月26日,54020.5,48963.5,54320.9,48815.9,129.76K,0.1033
2021年4月25日,48963.6,50088.2,50532.4,47098.5,59.20K,-0.0225
2021年4月24日,50088.9,51140.8,51183,48775.2,82.25K,-0.0206
2021年4月23日,51143.6,51707.1,52099.9,47659.4,214.46K,-0.0113
2021年4月22日,51729.5,53821.3,55408.4,50590.9,168.13K,-0.0388
2021年4月21日,53820.2,56479.5,56764.4,53657.6,100.26K,-0.0471
2021年4月20日,56483.2,55645.1,57054.9,53422.5,115.49K,0.015
2021年4月19日,55646.1,56208.1,57517,54272.3,117.51K,-0.01
2021年4月18日,56207.1,60043.2,60362.1,51817.6,216.81K,-0.0639
2021年4月17日,60041.9,61358.3,62509.1,59672.1,84.08K,-0.0218
2021年4月16日,61379.7,63211.6,63518.5,60027.3,136.85K,-0.029
2021年4月15日,63216,62978.6,63729.1,62067.5,76.97K,0.0037
2021年4月14日,62980.4,63544.2,64778,61366.3,130.43K,-0.0088
2021年4月13日,63540.9,59863.6,63659,59839.4,126.56K,0.0614
2021年4月12日,59863.8,59982.1,61259.9,59569.2,81.88K,-0.0019
2021年4月11日,59978.7,59772.4,60667.1,59250.3,58.20K,0.0039
2021年4月10日,59748.4,58127.4,61229,57900,103.72K,0.028
2021年4月9日,58118.7,58076.8,58890.9,57686,59.22K,0.0007
2021年4月8日,58077.4,55948,58136.7,55721.6,64.78K,0.038
2021年4月7日,55948.7,57996.3,58627.7,55489.3,110.69K,-0.0353
2021年4月6日,57996.3,59169,59487,57403.3,77.15K,-0.0169
2021年4月5日,58993.4,58202.3,59205.1,56842.7,54.13K,0.0136
2021年4月4日,58199.9,57059.7,58464.8,56470.6,57.21K,0.02
2021年4月3日,57059.9,58976.8,59770.5,56906.7,68.74K,-0.0325
2021年4月2日,58977.3,58718.2,60134.9,58466.5,72.37K,0.0044
2021年4月1日,58718.3,58763.2,59406.5,58040.7,69.04K,-0.0008
2021年3月31日,58763.7,58771.4,59795.6,56991.6,98.06K,-0.0001
2021年3月30日,58771.3,57614.6,59366.9,57077.1,86.21K,0.02
2021年3月29日,57616.2,55764.7,58392.6,54951.1,107.91K,0.0332
2021年3月28日,55765.2,55856.9,56504.2,54711.3,58.71K,-0.0017
2021年3月27日,55862.9,55033.8,56531.1,54010.2,73.87K,0.015
2021年3月26日,55036.1,51317.4,55074.1,51302,100.30K,0.0724
2021年3月25日,51322.3,52330,53175.4,50441.3,143.35K,-0.0192
2021年3月24日,52325.4,54309.1,57169.4,51725.4,137.91K,-0.0391
2021年3月23日,54452.5,54117.5,55813.8,52992.3,84.84K,0.0054
2021年3月22日,54158.3,57379.3,58379.9,53784.2,95.53K,-0.0562
2021年3月21日,57383.8,58097.4,58583.8,55583.3,77.47K,-0.0122
2021年3月20日,58093.4,58084.1,59882.1,57863,67.83K,0.0001
2021年3月19日,58088,57645,59448.3,56305.1,83.98K,0.0075
2021年3月18日,57656,58911.8,60088,57099.6,102.62K,-0.0213
2021年3月17日,58913.5,56892.9,58933.2,54253.2,118.26K,0.0356
2021年3月16日,56889.7,55619.5,56889.7,53342.6,128.51K,0.0197
2021年3月15日,55791.3,59117.4,60565.9,55088.8,117.71K,-0.0562
2021年3月14日,59113.7,61192.7,61673.7,59113.7,80.29K,-0.034
2021年3月13日,61195.3,57267.4,61795.8,56118.8,134.64K,0.0686
2021年3月12日,57265.1,57806.2,58052.3,55134.5,116.96K,-0.0092
2021年3月11日,57799.5,55851.2,58135,54351.8,129.63K,0.0349
2021年3月10日,55851.9,54882.7,57328.7,53073.6,140.96K,0.0177
2021年3月9日,54879,52352.4,54880.6,51941.3,114.06K,0.0491
2021年3月8日,52311,50988.9,52384.9,49338.1,68.14K,0.0261
2021年3月7日,50982.3,48899,51434.1,48890.6,82.91K,0.0435
2021年3月6日,48855.6,48798.7,49191.8,47132.8,66.66K,0.0013
2021年3月5日,48792.5,48363.6,49429.4,46370.1,113.64K,0.0075
2021年3月4日,48428,50388,51757.7,47521.8,9.56K,-0.039
2021年3月3日,50395.1,48422.2,52567.9,48159.2,44.93K,0.0407
2021年3月2日,48424.2,49595.6,50191.9,47100.6,102.10K,-0.0236
2021年3月1日,49595.5,45160.5,49774,45008.8,137.52K,0.0981
2021年2月28日,45164,46136,46582,43100.6,135.08K,-0.0211
2021年2月27日,46136.7,46333.1,48335.1,45059.4,98.75K,-0.0045
2021年2月26日,46345.6,46928.5,48413.9,44248.2,189.41K,-0.0124
2021年2月25日,46928.5,49695.9,52013.8,46773.7,83.22K,-0.0557
2021年2月24日,49697.5,48911.1,51311.8,47031.7,153.75K,0.0161
2021年2月23日,48911.2,54114.1,54115,45093.8,315.07K,-0.0961
2021年2月22日,54111.8,57437.6,57480.8,48353.8,244.95K,-0.0578
2021年2月21日,57433.8,55907.6,58335.1,55502.7,87.26K,0.027
2021年2月20日,55923.7,55922,57523.8,54124.1,127.85K,0.0003
2021年2月19日,55906.6,51590.1,56238.5,50816.8,139.43K,0.0838
2021年2月18日,51582.2,52094.5,52524,50941.6,94.35K,-0.0095
2021年2月17日,52079.2,49161.3,52577.7,49018.1,140.03K,0.0592
2021年2月16日,49169.7,47934.2,50515.8,47044.4,141.37K,0.0257
2021年2月15日,47936.3,48611.1,48936.5,45786.1,123.18K,-0.0145
2021年2月14日,48643.4,47172.1,49695.1,47051.9,106.50K,0.0313
2021年2月13日,47168.7,47373.1,48097.3,46270.5,89.42K,-0.0043
2021年2月12日,47371.7,47995,48927.4,46218.6,133.73K,-0.0129
2021年2月11日,47990.7,44834.8,48622.1,44041.1,145.77K,0.0704
2021年2月10日,44836,46507.8,47295.3,43800.5,151.83K,-0.036
2021年2月9日,46508.6,46396.4,48143.5,45104.7,193.87K,0.0024
2021年2月8日,46395.7,38853.6,46596.4,38057,248.47K,0.1941
2021年2月7日,38852.9,39228.9,39691.7,37381.6,125.37K,-0.0103
2021年2月6日,39256.6,38300.6,40939.7,38275.3,156.02K,0.025
2021年2月5日,38297.6,36976.4,38303.6,36640,100.60K,0.0356
2021年2月4日,36982.1,37648.9,38707.9,36380.8,151.44K,-0.0177
2021年2月3日,37646.8,35486.9,37646.8,35401.5,131.03K,0.0609
2021年2月2日,35485.2,33514,35976.1,33462.4,120.85K,0.0588
2021年2月1日,33515.7,33106.8,34685.6,32324.9,126.32K,0.0123
2021年1月31日,33108.1,34281.6,34348.3,32189.9,101.92K,-0.0343
2021年1月30日,34283.1,34300,34920.9,32908.5,128.57K,-0.0005
2021年1月29日,34301.8,33381.7,38546,31953.3,297.73K,0.0278
2021年1月28日,33374.8,30408.9,33790.8,29911.9,167.39K,0.0977
2021年1月27日,30404,32499.6,32545.4,29290.4,194.35K,-0.0646
2021年1月26日,32502.1,32244.1,32917.7,30850,139.84K,0.0077
2021年1月25日,32252.3,32244.3,34854.3,31967.4,142.43K,0.0003
2021年1月24日,32241.3,32088.5,33034.8,30982.9,88.21K,0.0047
2021年1月23日,32088.9,32994.1,33441.4,31418.2,100.70K,-0.0276
2021年1月22日,33000.5,30838.7,33821.2,28871.2,243.09K,0.07
2021年1月21日,30842.1,35472.3,35591.1,30101.8,253.27K,-0.1306
2021年1月20日,35476.3,35862.1,36384.4,33444.5,153.61K,-0.0146
2021年1月19日,36002.9,36630.6,37821,36001.4,79.11K,-0.0167
2021年1月18日,36613.2,35838.2,37436.8,34801,111.52K,0.0216
2021年1月17日,35839.6,36020.1,36801.3,33883.5,126.82K,-0.005
2021年1月16日,36019.5,36751.8,37931.7,35408.4,137.02K,-0.0224
2021年1月15日,36845.8,39175.7,39715,34488.7,118.42K,-0.0595
2021年1月14日,39175.7,37383.4,40054.3,36772.1,172.40K,0.048
2021年1月13日,37382.2,34061.2,37764.6,32451.9,209.93K,0.097
2021年1月12日,34076.1,35426,36598.7,32572.7,241.93K,-0.0413
2021年1月11日,35544.3,38195.3,38217.2,30411.6,251.04K,-0.0693
2021年1月10日,38192.2,40149.7,41362.4,35141.6,215.78K,-0.0488
2021年1月9日,40151.9,40607.2,41363.5,38775.1,128.42K,-0.011
2021年1月8日,40599.3,39466.4,41921.7,36613.4,251.29K,0.0289
2021年1月7日,39460.2,36798.5,40340.9,36361.2,249.60K,0.0725
2021年1月6日,36793.2,33999.3,36934.8,33408.3,227.56K,0.0824
2021年1月5日,33991.5,32015.4,34414.7,30010.5,202.13K,0.0615
2021年1月4日,32022.6,33016.6,33587.5,28204.5,255.27K,-0.0284
2021年1月3日,32958.9,32192.9,34755.9,32029.6,155.21K,0.0238
2021年1月2日,32193.3,29359.7,33233.5,29008,240.87K,0.0965
2021年1月1日,29359.9,28951.7,29627.1,28712.4,100.90K,0.0142
2020年12月31日,28949.4,28866.8,29298.8,28025,136.69K,0.0028
2020年12月30日,28868.7,27374.5,28979.3,27374.5,159.82K,0.0545
2020年12月29日,27376,27065.3,27390.7,25902.8,119.57K,0.0118
2020年12月28日,27057.8,26259.2,27444.9,26144.3,126.98K,0.0303
2020年12月27日,26261.3,26460.3,28360.3,25858.2,231.23K,-0.0073
2020年12月26日,26454.4,24714.7,26826,24515.1,155.77K,0.0715
2020年12月25日,24689.6,23728.7,24778.9,23445.3,2.40K,0.0402
2020年12月24日,23736.5,23253.2,23783.7,22737.3,104.59K,0.0206
2020年12月23日,23257.9,23820.8,24063.7,22694.7,178.47K,-0.0237
2020年12月22日,23823.2,22730.4,23825.4,22388.6,130.75K,0.0482
2020年12月21日,22728.5,23474.1,24101.9,22015.5,154.69K,-0.0318
2020年12月20日,23474.9,23843.6,24280.9,23098.9,114.09K,-0.0155
2020年12月19日,23844,23127.6,24107.1,22797,133.88K,0.031
2020年12月18日,23127.9,22823.3,23272.8,22361.5,131.80K,0.0133
2020年12月17日,22825.4,21352.3,23738,21243.1,310.74K,0.069
2020年12月16日,21352.2,19434.7,21525.3,19299.7,199.81K,0.0987
2020年12月15日,19434.9,19273.9,19556.3,19076.2,98.39K,0.0084
2020年12月14日,19273.8,19176.4,19346.5,19007,67.11K,0.0051
2020年12月13日,19176.8,18808.1,19403.6,18716.8,82.45K,0.0196
2020年12月12日,18808.9,18026.7,18936.2,18025.1,71.37K,0.0436
2020年12月11日,18023.6,18250.5,18288.3,17600.1,111.53K,-0.0123
2020年12月10日,18247.2,18546.1,18551.8,17926.8,85.31K,-0.0161
2020年12月9日,18546,18322.4,18637.9,17658.8,129.72K,0.012
2020年12月8日,18326.6,19170.8,19288.6,18229.2,101.41K,-0.044
2020年12月7日,19170.7,19368.4,19424.6,18908.8,61.98K,-0.0108
2020年12月6日,19379.9,19146,19417.1,18873,54.56K,0.0122
2020年12月5日,19146.5,18657.5,19172.7,18507.1,59.44K,0.0262
2020年12月4日,18658.1,19431.1,19529.5,18610.8,110.63K,-0.0399
2020年12月3日,19433.3,19219.8,19596.6,18883.7,99.97K,0.0112
2020年12月2日,19218.8,18767.9,19335.5,18346.7,91.92K,0.0239
2020年12月1日,18770.7,19697.8,19897.4,18257,208.72K,-0.0471
2020年11月30日,19698.1,18186,19831.2,18186,185.59K,0.0832
2020年11月29日,18185.5,17729.7,18336.3,17530.4,79.12K,0.0257
2020年11月28日,17730.7,17142.6,17874.4,16874.4,95.20K,0.0352
2020年11月27日,17127.1,17160.9,17450.3,16481.6,138.80K,-0.002
2020年11月26日,17162,18721.9,18894.9,16235.2,312.07K,-0.0834
2020年11月25日,18723,19151.5,19486.7,18527.7,146.12K,-0.0224
2020年11月24日,19152.6,18394.6,19416.6,18074.8,180.79K,0.0421
2020年11月23日,18379.6,18428.1,18756.8,18016,127.35K,-0.0018
2020年11月22日,18412.9,18689.3,18751.5,17644.6,121.76K,-0.0147
2020年11月21日,18687.2,18673.8,18966,18397.5,108.91K,0.0006
2020年11月20日,18675.2,17805.5,18811,17758.4,134.42K,0.049
2020年11月19日,17803.5,17775.1,18166,17380.1,135.94K,0.0016
2020年11月18日,17774.6,17662.3,18466.1,17258.9,233.43K,0.0064
2020年11月17日,17662.3,16715.8,17845.4,16562,175.87K,0.0566
2020年11月16日,16715.8,15954.1,16880.7,15870.7,118.09K,0.0478
2020年11月15日,15953,16074.7,16158.1,15782.3,58.43K,-0.0073
2020年11月14日,16071,16323.1,16328.2,15717.7,83.64K,-0.0155
2020年11月13日,16324.2,16293,16474.1,15973.4,113.75K,0.0018
2020年11月12日,16294.7,15695.8,16342.7,15483.5,165.54K,0.0382
2020年11月11日,15695.8,15303.1,15953.9,15281,119.07K,0.0256
2020年11月10日,15303.6,15328,15465.3,15096.5,93.36K,-0.0015
2020年11月9日,15327.2,15483.3,15819.6,14816.9,165.04K,-0.0101
2020年11月8日,15483.7,14826.6,15648.3,14720.7,94.99K,0.0442
2020年11月7日,14828.4,15578.2,15754.4,14385.1,160.73K,-0.0481
2020年11月6日,15577.9,15593.9,15955.2,15223.5,186.13K,-0.0006
2020年11月5日,15587.1,14145.6,15739.9,14099.7,227.49K,0.1019
2020年11月4日,14145.6,14023,14238.8,13544.4,140.80K,0.009
2020年11月3日,14019.9,13560.5,14054,13294.6,108.17K,0.0338
2020年11月2日,13561.4,13759.7,13828.4,13214.2,97.76K,-0.0144
2020年11月1日,13759.4,13795.5,13889.5,13628.7,51.71K,-0.0027
2020年10月31日,13797.3,13560.2,14065.4,13441.7,102.75K,0.0175
2020年10月30日,13559.9,13457,13667.9,13134.5,108.77K,0.0076
2020年10月29日,13457.2,13278.3,13640,12982.9,111.23K,0.0134
2020年10月28日,13278.9,13658.3,13851.7,12907.6,144.18K,-0.0277
2020年10月27日,13657.8,13061.5,13782.3,13050.3,128.64K,0.0456
2020年10月26日,13061.6,13033,13229.7,12792.4,89.47K,0.0023
2020年10月25日,13032.2,13117,13345.3,12900.4,59.73K,-0.0065
2020年10月24日,13117.2,12933.6,13161.5,12876.4,51.20K,0.0142
2020年10月23日,12934.1,12972.7,13025.5,12738.9,73.94K,-0.0031
2020年10月22日,12974.6,12805.5,13183.9,12698.2,113.31K,0.013
2020年10月21日,12808.7,11913.6,13213.5,11894.6,197.72K,0.0751
2020年10月20日,11913.5,11753.9,12029.4,11685.7,94.59K,0.0136
2020年10月19日,11753.4,11507.1,11823.3,11413.9,73.04K,0.0214
2020年10月18日,11506.9,11362.1,11506.9,11349.8,31.51K,0.0127
2020年10月17日,11362.1,11321.8,11402.7,11274.4,29.86K,0.0035
2020年10月16日,11322,11503.2,11542.2,11224.6,71.42K,-0.0157
2020年10月15日,11503,11421.4,11590.9,11276.7,70.84K,0.0072
2020年10月14日,11420.4,11424.4,11541,11293.5,59.12K,-0.0003
2020年10月13日,11423.8,11533.5,11558,11315.9,64.67K,-0.0095
2020年10月12日,11533.9,11370.8,11715.9,11227.4,84.02K,0.0143
2020年10月11日,11371,11295.6,11439.4,11277.6,41.06K,0.0064
2020年10月10日,11298.4,11053.5,11475,11053.1,65.81K,0.0221
2020年10月9日,11054.2,10923.5,11103,10836.9,70.95K,0.0119
2020年10月8日,10924.1,10670.7,10948.6,10549.6,79.78K,0.0237
2020年10月7日,10670.9,10601,10680.1,10553.3,49.27K,0.0064
2020年10月6日,10602.6,10790.2,10800.3,10530.8,69.07K,-0.0173
2020年10月5日,10789.5,10672.5,10789.6,10623.4,48.86K,0.0109
2020年10月4日,10672.9,10544.4,10693.3,10520.8,31.40K,0.0122
2020年10月3日,10544.2,10572.2,10597.8,10501.2,29.10K,-0.0027
2020年10月2日,10572.3,10619.6,10662.9,10387.6,77.94K,-0.0045
2020年10月1日,10620.5,10776.6,10913.7,10462.7,95.33K,-0.0144
2020年9月30日,10776.1,10843.4,10847.7,10667.6,55.55K,-0.006
2020年9月29日,10840.9,10694.3,10858.4,10642.4,59.64K,0.0138
2020年9月28日,10693.2,10776.4,10946.6,10685.2,72.29K,-0.0077
2020年9月27日,10776.2,10727.9,10799.2,10602.7,40.92K,0.0045
2020年9月26日,10727.9,10688.9,10793.3,10650.2,37.85K,0.0037
2020年9月25日,10688.8,10739.9,10756,10558.9,71.43K,-0.0047
2020年9月24日,10739.4,10238.1,10787.8,10201,82.95K,0.049
2020年9月23日,10237.3,10531.5,10535.4,10146.6,74.95K,-0.0279
2020年9月22日,10531.5,10419.4,10570.7,10361.7,63.52K,0.011
2020年9月21日,10416.8,10919.9,10987.2,10328.5,109.85K,-0.0462
2020年9月20日,10921.5,11081.6,11081.6,10772.7,53.39K,-0.0145
2020年9月19日,11081.8,10933,11177.1,10890.7,51.63K,0.0136
2020年9月18日,10933,10941.3,11029.7,10818.7,63.48K,-0.0008
2020年9月17日,10941.3,10950.1,11039.3,10755.2,77.22K,-0.0007
2020年9月16日,10949.5,10785.2,11093.3,10669.2,94.94K,0.0152
2020年9月15日,10785.3,10675.2,10931.8,10627.8,91.70K,0.0103
2020年9月14日,10675.3,10332.7,10744.3,10264.5,96.64K,0.0338
2020年9月13日,10326,10441.7,10579.6,10219.4,66.12K,-0.0111
2020年9月12日,10441.9,10390.2,10476.8,10275.9,48.49K,0.005
2020年9月11日,10390.2,10339.8,10398.8,10212.6,62.28K,0.0049
2020年9月10日,10339.7,10224.3,10480.3,10219.2,88.01K,0.0113
2020年9月9日,10224.6,10126.8,10343.3,9984.6,71.37K,0.0097
2020年9月8日,10126.6,10376.9,10434.4,9877.1,113.90K,-0.0241
2020年9月7日,10376.9,10296.4,10400.9,9887,12.40M,0.0078
2020年9月6日,10296.4,10092.2,10337.7,10004.7,12.12M,0.0202
2020年9月5日,10092.2,10472.3,10558.7,9897.8,14.72M,-0.0363
2020年9月4日,10472.5,10168.7,10614.2,9960.3,12.50M,0.0299
2020年9月3日,10168.8,11413.2,11442.7,10009.5,9.65M,-0.109
2020年9月2日,11413.3,11914.4,11947.5,11244.9,20.26M,-0.0421
2020年9月1日,11914.9,11644.2,12045.9,11544.6,580.69K,0.0232
2020年8月31日,11644.2,11701.1,11760.2,11563.8,496.14K,-0.0049
2020年8月30日,11702,11468.1,11704.2,11462.6,409.36K,0.0204
2020年8月29日,11468.1,11527.8,11576.8,11433.5,389.85K,-0.0051
2020年8月28日,11527.4,11327.5,11539,11281.9,464.94K,0.0177
2020年8月27日,11327.4,11462.3,11580.3,11135.3,560.59K,-0.0118
2020年8月26日,11462.3,11324.9,11533.6,11254.6,513.06K,0.0121
2020年8月25日,11324.8,11752.9,11766.9,11131,594.07K,-0.0365
2020年8月24日,11753.5,11641.6,11824.6,11587.1,429.13K,0.0096
2020年8月23日,11641.6,11661.1,11705.4,11520.8,377.33K,-0.0017
2020年8月22日,11661.3,11529.2,11677,11382.1,433.98K,0.0115
2020年8月21日,11529.2,11856.9,11877.4,11495.6,506.38K,-0.0276
2020年8月20日,11856.9,11751,11881,11672.7,430.93K,0.0091
2020年8月19日,11750.2,11944.4,12013.2,11602.6,550.26K,-0.0165
2020年8月18日,11947.6,12283,12381.4,11842,606.79K,-0.0273
2020年8月17日,12282.6,11898.8,12444.1,11764,628.41K,0.0322
2020年8月16日,11899,11845.5,11922.5,11688.9,410.81K,0.0045
2020年8月15日,11845.3,11751.1,11964,11711.5,499.10K,0.008
2020年8月14日,11750.8,11771.1,11835.5,11651.5,435.44K,-0.0017
2020年8月13日,11770.9,11557.2,11772.9,11298.4,545.67K,0.0185
2020年8月12日,11557.2,11390.4,11605.4,11190.6,549.59K,0.0146
2020年8月11日,11390.4,11889.2,11931.8,11146.7,615.90K,-0.0419
2020年8月10日,11889.2,11681.1,12041.1,11546.9,564.11K,0.0178
2020年8月9日,11681.2,11764.4,11792.8,11527.5,303.00K,-0.0071
2020年8月8日,11764.3,11591.6,11805.5,11533.5,317.06K,0.0149
2020年8月7日,11592,11757.1,11901.8,11352.4,517.00K,-0.014
2020年8月6日,11757.1,11735,11898.4,11563,554.85K,0.0019
2020年8月5日,11735.1,11184.8,11771.5,11114.5,570.83K,0.0492
2020年8月4日,11184.7,11223.8,11407.8,11043,485.79K,-0.0035
2020年8月3日,11224.4,11066.9,11461.1,10981.6,470.24K,0.0142
2020年8月2日,11066.8,11802.6,12061.1,10730.7,647.95K,-0.0624
2020年8月1日,11803.1,11333.2,11847.7,11226.1,611.47K,0.0414
2020年7月31日,11333.4,11096.5,11434.8,10964.6,530.95K,0.0214
2020年7月30日,11096.2,11105.8,11164.4,10861.6,501.14K,-0.0009
2020年7月29日,11105.9,10908.4,11336.5,10771.8,576.83K,0.0181
2020年7月28日,10908.5,10961.1,11046.1,10873.6,658.37K,-0.0104
2020年7月27日,11022.8,9932.7,11367,9894.6,908.99K,0.1098
2020年7月26日,9932.5,9690,10086.6,9645.9,415.07K,0.0235
2020年7月25日,9704.1,9546.7,9729.3,9536.2,306.29K,0.0165
2020年7月24日,9546.4,9599.2,9626.2,9480.5,359.16K,-0.0055
2020年7月23日,9599.6,9513.6,9646.5,9451.1,425.66K,0.009
2020年7月22日,9513.7,9387.4,9523.1,9296,386.00K,0.0135
2020年7月21日,9387.3,9162.3,9426.9,9155.1,458.99K,0.0246
2020年7月20日,9162.4,9208.1,9218.4,9139.9,312.98K,-0.005
2020年7月19日,9208,9170.1,9224.8,9106.4,265.25K,0.0041
2020年7月18日,9170.2,9155.8,9198.8,9126.7,276.40K,0.0016
2020年7月17日,9155.8,9135.4,9181.9,9091.5,310.92K,0.0022
2020年7月16日,9135.3,9198.7,9224.2,9052,429.04K,-0.0069
2020年7月15日,9198.7,9253.6,9270.2,9168.7,429.84K,-0.0059
2020年7月14日,9253.4,9243.1,9274.8,9135.7,453.83K,0.0011
2020年7月13日,9243.6,9300.5,9329.6,9207.6,456.87K,-0.0062
2020年7月12日,9300.8,9234.2,9337.8,9170.4,366.88K,0.0073
2020年7月11日,9233.3,9285.8,9295.5,9184.2,353.92K,-0.0056
2020年7月10日,9285.1,9239,9309.8,9131.9,418.47K,0.0053
2020年7月9日,9235.7,9430.1,9434.5,9176,444.27K,-0.0206
2020年7月8日,9429.9,9256.3,9458.3,9233.1,509.94K,0.0188
2020年7月7日,9256,9338.8,9371.2,9209.3,420.55K,-0.0089
2020年7月6日,9339,9080.4,9363,9063.2,510.27K,0.0284
2020年7月5日,9081,9134.3,9149.6,8932.1,314.10K,-0.0058
2020年7月4日,9134.4,9067.1,9182.3,9049.6,261.25K,0.0074
2020年7月3日,9067.1,9085,9120.4,9050.9,333.88K,-0.002
2020年7月2日,9085.1,9229.9,9259.7,8962.1,483.10K,-0.0157
2020年7月1日,9229.9,9135.9,9289,9101.1,366.78K,0.0103
2020年6月30日,9135.4,9186,9199.8,9075.3,381.73K,-0.0054
2020年6月29日,9185.4,9122.8,9229.1,9033.6,401.12K,0.0067
2020年6月28日,9124,9008.4,9185.5,8950.2,329.01K,0.0128
2020年6月27日,9008.3,9160.5,9190.5,8865.3,441.93K,-0.0166
2020年6月26日,9160,9247.5,9296.5,9060.1,489.84K,-0.0095
2020年6月25日,9247.5,9300.8,9327.3,9022.6,524.45K,-0.0059
2020年6月24日,9302,9624.6,9667.4,9223,515.78K,-0.0335
2020年6月23日,9624.6,9683.9,9715.6,9581.8,375.49K,-0.0061
2020年6月22日,9683.7,9296.5,9751.9,9285.8,523.32K,0.0417
2020年6月21日,9296.4,9358.8,9411.2,9288.5,335.99K,-0.0067
2020年6月20日,9358.8,9314,9394.5,9199.8,383.44K,0.0048
2020年6月19日,9314,9390.3,9424,9249.6,478.49K,-0.0079
2020年6月18日,9388.1,9464.6,9480.4,9289.3,391.67K,-0.0081
2020年6月17日,9464.6,9523.6,9543.6,9258.2,446.45K,-0.0062
2020年6月16日,9523.5,9425.6,9577.1,9379.3,545.47K,0.0104
2020年6月15日,9425.4,9345.5,9489.7,8925.6,750.90K,0.0086
2020年6月14日,9345.3,9470.7,9474.7,9264.4,311.27K,-0.0133
2020年6月13日,9471.3,9466.5,9484.9,9369.9,364.97K,0.0005
2020年6月12日,9466.6,9283.7,9547.5,9249.4,529.28K,0.0197
2020年6月11日,9283.2,9878.9,9945.2,9139.1,919.30K,-0.0603
2020年6月10日,9878.8,9768.8,9970.9,9710.7,533.55K,0.0113
2020年6月9日,9768.8,9777.7,9857.2,9616.6,479.55K,-0.0009
2020年6月8日,9777.9,9743.4,9788.2,9662.3,431.04K,0.0036
2020年6月7日,9742.6,9669.6,9791.8,9417.4,549.20K,0.0076
2020年6月6日,9669.6,9630.8,9733.1,9549.5,370.85K,0.004
2020年6月5日,9631.2,9794,9846.1,9628.7,527.05K,-0.0167
2020年6月4日,9794.4,9667.2,9864.4,9490.9,593.66K,0.0132
2020年6月3日,9667.2,9527,9667.2,9421.7,558.12K,0.0147
2020年6月2日,9527.6,10190.7,10207.3,9347.3,1.06M,-0.0649
2020年6月1日,10189.3,9454.5,10301.8,9429.7,796.68K,0.0777
2020年5月31日,9454.8,9692.9,9695.6,9406.2,645.27K,-0.0245
2020年5月30日,9692.5,9424.8,9729.9,9352.7,720.62K,0.0284
2020年5月29日,9424.8,9573.4,9596.5,9358.1,814.33K,-0.0154
2020年5月28日,9572.2,9199.8,9610.8,9119.2,948.86K,0.0406
2020年5月27日,9199.1,8842.3,9210.9,8818.6,810.89K,0.0403
2020年5月26日,8842.5,8897.7,8994.6,8713.9,784.92K,-0.0063
2020年5月25日,8898.2,8728,8959.5,8666.1,941.89K,0.0195
2020年5月24日,8728.2,9177.9,9292,8724.1,1.11M,-0.0489
2020年5月23日,9177,9169.8,9303.2,9098.9,812.56K,0.0008
2020年5月22日,9169.7,9058.2,9253.5,8952.1,914.59K,0.0122
2020年5月21日,9059,9511.6,9567.1,8833.6,1.41M,-0.0476
2020年5月20日,9512.3,9773,9829.3,9368.4,1.15M,-0.0267
2020年5月19日,9773.3,9730.8,9883.9,9498.7,1.16M,0.0044
2020年5月18日,9730.7,9678.4,9930.2,9524.4,1.18M,0.0055
2020年5月17日,9677.7,9376.6,9866,9327.8,1.18M,0.0318
2020年5月16日,9379.5,9318.1,9579,9233,1.10M,0.0066
2020年5月15日,9318,9778.6,9819.6,9223.2,1.56M,-0.0471
2020年5月14日,9778.4,9298.7,9887.5,9265.8,1.77M,0.0516
2020年5月13日,9298.7,8813.9,9384.6,8799.1,1.50M,0.055
2020年5月12日,8813.8,8569.8,8964.5,8542.8,1.35M,0.0273
2020年5月11日,8579.8,8737.6,9129.6,8235.6,2.29M,-0.0182
2020年5月10日,8738.8,9553.9,9569.4,8259.3,2.47M,-0.0854
2020年5月9日,9554.6,9806,9910.5,9533.6,1.49M,-0.0257
2020年5月8日,9806.2,9980.1,10018.2,9731.4,1.42M,-0.0174
2020年5月7日,9979.8,9152.7,10033,9064.8,1.91M,0.0905
2020年5月6日,9151.4,9000.6,9373.7,8923.6,1.62M,0.0167
2020年5月5日,9001,8874.2,9078.7,8800.4,1.05M,0.0142
2020年5月4日,8874.7,8885.5,8945.5,8553.2,1.12M,-0.0012
2020年5月3日,8885.5,8966.2,9169.9,8742.2,1.15M,-0.009
2020年5月2日,8966.3,8821.6,8986.2,8771.3,890.34K,0.0164
2020年5月1日,8821.6,8628.6,9040.3,8621,1.11M,0.0223
2020年4月30日,8629,8770.6,9437.5,8425.5,2.04M,-0.0162
2020年4月29日,8770.9,7746.7,8918.5,7729.7,1.83M,0.1322
2020年4月28日,7746.9,7766,7770.1,7655.3,808.09K,-0.0025
2020年4月27日,7766,7679.4,7768.5,7637.7,980.50K,0.0113
2020年4月26日,7678.9,7540.4,7679.4,7520.5,921.59K,0.0184
2020年4月25日,7540.4,7503.9,7684.6,7451,861.93K,0.0049
2020年4月24日,7503.8,7491.3,7583.5,7423.5,951.95K,0.002
2020年4月23日,7488.5,7112.8,7655.4,7036.5,1.34M,0.0528
2020年4月22日,7112.9,6842.5,7137.4,6821.8,914.18K,0.0395
2020年4月21日,6842.5,6833.4,6919.3,6774.3,892.57K,0.0013
2020年4月20日,6833.5,7122.9,7207.5,6771.2,1.26M,-0.0406
2020年4月19日,7122.9,7230.9,7238,7079.1,5.93M,-0.0149
2020年4月18日,7230.8,7035.9,7259.4,7031.5,796.45K,0.0277
2020年4月17日,7035.8,7085.5,7142.8,7005.8,810.10K,-0.007
2020年4月16日,7085.6,6629.1,7159.7,6520.5,1.54M,0.0689
2020年4月15日,6629.1,6851.3,6929.5,6615.9,1.00M,-0.0324
2020年4月14日,6850.9,6841.8,6970.8,6768.6,999.53K,0.0014
2020年4月13日,6841.3,6918.1,6920.3,6618.5,1.25M,-0.011
2020年4月12日,6917.6,6867.9,7158.8,6785.1,1.10M,0.0073
2020年4月11日,6867.8,6862.7,6931.4,6765.1,845.58K,0.0007
2020年4月10日,6863.1,7289,7294.4,6756.1,1.37M,-0.0584
2020年4月9日,7289,7361.1,7361.1,7140.3,963.55K,-0.0098
2020年4月8日,7361.2,7185.6,7396.1,7153.1,983.94K,0.0245
2020年4月7日,7185.2,7332.3,7440.3,7101.7,1.32M,-0.0201
2020年4月6日,7332.3,6772.8,7335,6770.1,1.53M,0.0826
2020年4月5日,6772.7,6857.5,6889.4,6686,842.33K,-0.0123
2020年4月4日,6857.4,6735.9,6958.6,6679.1,1.05M,0.018
2020年4月3日,6735.9,6799.9,7026.3,6623.6,1.35M,-0.0095
2020年4月2日,6800.5,6638.8,7182.7,6567.9,1.74M,0.0244
2020年4月1日,6638.5,6412.4,6661.3,6157.4,1.40M,0.0352
2020年3月31日,6412.5,6391.1,6513.1,6346.3,1.05M,0.0034
2020年3月30日,6391,5890.4,6576.5,5872.5,1.43M,0.085
2020年3月29日,5890.4,6233.2,6258.8,5889.3,916.17K,-0.0551
2020年3月28日,6233.7,6373.4,6374.3,6046.5,1.26M,-0.0219
2020年3月27日,6373.4,6725.5,6813.7,6322.3,1.16M,-0.0523
2020年3月26日,6725.1,6677.9,6772.9,6541.7,1.18M,0.0069
2020年3月25日,6678.9,6744.8,6930.2,6474.6,1.52M,-0.0097
2020年3月24日,6744.6,6468.8,6814.2,6380.8,1.73M,0.0426
2020年3月23日,6468.9,5822,6564.7,5710.8,1.88M,0.1111
2020年3月22日,5822.1,6186.9,6394.4,5771.2,1.48M,-0.0589
2020年3月21日,6186.2,6205.6,6438.3,5887,1.64M,-0.0031
2020年3月20日,6205.3,6171.6,6858.1,5748.2,2.22M,0.0054
2020年3月19日,6172,5359.2,6379.5,5256,2.18M,0.1512
2020年3月18日,5361.4,5260.7,5373.1,5020.9,1.80M,0.0191
2020年3月17日,5261.1,5030.2,5432.8,4946.5,1.89M,0.0459
2020年3月16日,5030,5366.4,5369.3,4477.7,2.55M,-0.0627
2020年3月15日,5366.3,5182.9,5863.3,5120.6,1.61M,0.0354
2020年3月14日,5182.7,5589.4,5634.9,5072.2,1.69M,-0.0719
2020年3月13日,5584.3,4815.2,5934.3,3869.5,4.17M,0.1571
2020年3月12日,4826,7935.2,7963.1,4546.6,3.22M,-0.3918
2020年3月11日,7935.1,7892.1,7976.5,7606,1.10M,0.0056
2020年3月10日,7891.2,7933,8145.5,7740.2,1.20M,-0.0053
2020年3月9日,7933,8035.8,8158.8,7648.7,1.54M,-0.0126
2020年3月8日,8034.1,8887.8,8888,8015.3,1.11M,-0.0961
2020年3月7日,8887.8,9134.2,9180.8,8848.7,750.65K,-0.027
2020年3月6日,9134.8,9060.6,9165.2,9004.9,1.04M,0.0082
2020年3月5日,9060.3,8757.9,9147.3,8751.5,950.76K,0.0345
2020年3月4日,8757.9,8761.3,8840.3,8679.7,759.69K,-0.0004
2020年3月3日,8761.4,8906.1,8911.7,8669.3,1.01M,-0.0161
2020年3月2日,8904.8,8537.5,8961.8,8503.1,1.02M,0.0427
2020年3月1日,8540,8543.8,8737.2,8437.2,784.05K,-0.0004
2020年2月29日,8543.7,8697.1,8793.7,8539.8,683.44K,-0.0177
2020年2月28日,8697.5,8820.1,8898.7,8451.9,1.08M,-0.0137
2020年2月27日,8818.6,8800.1,8968.3,8538.5,1.13M,0.0021
2020年2月26日,8800.3,9317.1,9368.1,8672,1.32M,-0.0555
2020年2月25日,9317.2,9662.6,9672.3,9269.8,937.97K,-0.0357
2020年2月24日,9662.7,9943.2,9981,9507,980.00K,-0.0282
2020年2月23日,9942.7,9655.6,9965.6,9653.4,775.88K,0.0297
2020年2月22日,9655.7,9684.5,9706.5,9569.8,589.88K,-0.003
2020年2月21日,9684.5,9602.2,9747.1,9574.5,716.61K,0.0085
2020年2月20日,9602.4,9611.9,9681.4,9448.9,870.80K,-0.0007
2020年2月19日,9609.4,10158.6,10230.9,9424.3,905.95K,-0.054
2020年2月18日,10158.4,9701.5,10230.1,9601.6,945.91K,0.0471
2020年2月17日,9701.4,9931.7,9951.5,9468.9,961.88K,-0.0232
2020年2月16日,9932.3,9907.4,10056.4,9654.9,808.91K,0.0025
2020年2月15日,9907.7,10336,10369.8,9831.7,808.81K,-0.0412
2020年2月14日,10333,10235.5,10372.4,10125.2,732.51K,0.0096
2020年2月13日,10235.1,10321.9,10482.6,10116.9,940.30K,-0.008
2020年2月12日,10317.7,10229.3,10435.6,10229.3,803.25K,0.0086
2020年2月11日,10229.5,9854,10314.1,9725.1,791.28K,0.0381
2020年2月10日,9854.1,10151.5,10181.7,9774.8,781.22K,-0.0293
2020年2月9日,10151.5,9895.4,10157.1,9882.7,617.35K,0.0259
2020年2月8日,9895.5,9817.3,9931.2,9673.2,551.31K,0.0078
2020年2月7日,9818.6,9771.9,9872.5,9738.7,608.96K,0.0048
2020年2月6日,9772,9611.8,9854.9,9536.1,778.67K,0.0167
2020年2月5日,9611.8,9194.1,9726.8,9179.9,771.46K,0.0454
2020年2月4日,9193.9,9296.5,9347.5,9193.9,651.68K,-0.011
2020年2月3日,9296.6,9334.6,9582.8,9243.1,701.39K,-0.0041
2020年2月2日,9334.9,9381.5,9465.4,9183.1,683.37K,-0.005
2020年2月1日,9381.6,9349.3,9458.8,9301.5,458.42K,0.0035
2020年1月31日,9349.1,9508.3,9525,9222.3,633.37K,-0.0166
2020年1月30日,9507.3,9299.1,9569,9209.2,765.21K,0.0224
2020年1月29日,9298.9,9377.3,9428.7,9250.9,749.88K,-0.0084
2020年1月28日,9377.3,8866.6,9389.5,8866.6,954.20K,0.0576
2020年1月27日,8866.6,8608.1,8983.1,8585.6,706.45K,0.0301
2020年1月26日,8607.8,8341.6,8607.8,8304.9,468.34K,0.0319
2020年1月25日,8341.6,8439.9,8447.6,8277.2,444.00K,-0.0117
2020年1月24日,8439.9,8404.9,8522,8242.6,617.02K,0.0041
2020年1月23日,8405.1,8678.5,8687.3,8309.6,722.67K,-0.0315
2020年1月22日,8678.5,8733,8805.4,8610.8,509.06K,-0.0062
2020年1月21日,8732.6,8642,8770.3,8524,540.20K,0.0105
2020年1月20日,8641.9,8705.7,8740.1,8539.2,599.06K,-0.0074
2020年1月19日,8706.2,8916.3,9183.7,8552.8,975.01K,-0.0236
2020年1月18日,8916.3,8913,8982.3,8814.6,627.74K,0.0004
2020年1月17日,8913.1,8726.7,9005.1,8675.9,794.11K,0.0213
2020年1月16日,8726.9,8818.1,8850,8605.8,748.32K,-0.0104
2020年1月15日,8818.3,8827.9,8904,8615.5,1.17M,-0.0012
2020年1月14日,8829.2,8111.2,8898.7,8111.2,1.48M,0.0885
2020年1月13日,8111.4,8188.3,8196.7,8068.4,610.66K,-0.0093
2020年1月12日,8187.6,8023.3,8189.9,7973.1,595.22K,0.0204
2020年1月11日,8024.1,8187.8,8262.9,8008.4,776.75K,-0.0199
2020年1月10日,8187.1,7842.5,8187.4,7697.7,1.05M,0.044
2020年1月9日,7842.4,8060,8065.9,7779.2,786.50K,-0.027
2020年1月8日,8059.6,8154.2,8436.4,7900.8,1.19M,-0.0118
2020年1月7日,8155.7,7759.1,8182,7754.1,1.01M,0.0511
2020年1月6日,7759.1,7372.6,7783.1,7366.7,786.75K,0.0524
2020年1月5日,7372.5,7376.8,7501,7345.6,628.14K,-0.0006
2020年1月4日,7376.8,7345.1,7433.1,7291.4,523.91K,0.0046
2020年1月3日,7343.1,6967.1,7402.9,6884.1,936.29K,0.054
2020年1月2日,6967,7199.7,7209.6,6901.4,632.78K,-0.0323
2020年1月1日,7199.8,7196.4,7259.4,7180,420.28K,0.0005
2019年12月31日,7196.4,7261.5,7331,7167.4,586.60K,-0.009
2019年12月30日,7261.8,7397.5,7420.9,7244.1,606.11K,-0.0184
2019年12月29日,7397.5,7321.6,7518.9,7303,611.69K,0.0104
2019年12月28日,7321.5,7261.9,7375.9,7256.5,610.96K,0.0082
2019年12月27日,7261.7,7210.8,7293.8,7128.5,718.07K,0.007
2019年12月26日,7210.9,7225,7414.3,7177.3,795.09K,-0.0019
2019年12月25日,7224.8,7268.3,7542.4,7150.9,625.41K,-0.006
2019年12月24日,7268.3,7322.4,7433.2,7185.7,785.54K,-0.0074
2019年12月23日,7322.8,7496.2,7684,7276.2,952.16K,-0.0231
2019年12月22日,7495.8,7156.3,7501.1,7142,677.94K,0.0474
2019年12月21日,7156.2,7196.4,7197.6,7129.6,468.74K,-0.0056
2019年12月20日,7196.4,7165.5,7218.4,7107.7,627.04K,0.0043
2019年12月19日,7165.5,7276.4,7354,7039.3,778.72K,-0.0152
2019年12月18日,7276,6613.5,7387.7,6462.2,1.14M,0.1002
2019年12月17日,6613.3,6903.5,6943.5,6575,894.55K,-0.042
2019年12月16日,6903.5,7128.5,7153.1,6864.6,689.56K,-0.0316
2019年12月15日,7128.5,7080.8,7175.8,7033.8,492.58K,0.0067
2019年12月14日,7080.8,7255.2,7267.4,7043.3,524.56K,-0.024
2019年12月13日,7255.2,7208.4,7288,7200.3,503.49K,0.0065
2019年12月12日,7208,7208,7272.4,7124.6,611.80K,0
2019年12月11日,7208,7235.8,7284.4,7168.8,518.40K,-0.0038
2019年12月10日,7235.7,7356.2,7400.3,7192.1,609.50K,-0.0163
2019年12月9日,7355.8,7524.8,7626,7321.6,648.66K,-0.0224
2019年12月8日,7524.4,7510.8,7576.4,7416.7,499.04K,0.0018
2019年12月7日,7510.9,7530.4,7595.7,7489.6,557.14K,-0.0026
2019年12月6日,7530.8,7399.2,7552.1,7329.8,706.10K,0.0178
2019年12月5日,7399.2,7204.6,7476.3,7184,780.78K,0.027
2019年12月4日,7204.4,7291.9,7702.2,7113.6,971.75K,-0.012
2019年12月3日,7291.8,7298.1,7389.4,7227.1,548.77K,-0.0009
2019年12月2日,7298.2,7395.9,7433.8,7173.6,687.78K,-0.0133
2019年12月1日,7396.4,7546.5,7546.5,7244.4,777.00K,-0.0199
2019年11月30日,7546.6,7742.7,7787.7,7472.7,650.60K,-0.0253
2019年11月29日,7742.7,7426.6,7825.3,7412.3,766.71K,0.0426
2019年11月28日,7426.7,7510.6,7639.5,7380.6,737.58K,-0.0112
2019年11月27日,7510.6,7162.8,7636.9,6875.4,996.49K,0.0486
2019年11月26日,7162.8,7115.5,7329.5,7045.1,844.27K,0.0066
2019年11月25日,7115.6,6924.7,7352.8,6534.8,1.29M,0.0276
2019年11月24日,6924.7,7325,7344.1,6894.9,904.50K,-0.0545
2019年11月23日,7324.1,7271.6,7342.5,7093.7,783.18K,0.0071
2019年11月22日,7272.5,7627.9,7700.9,6818.5,1.41M,-0.0466
2019年11月21日,7627.9,8099.4,8129.6,7519.7,891.50K,-0.0582
2019年11月20日,8099.3,8145.7,8223,8074.2,607.27K,-0.0057
2019年11月19日,8145.7,8207.7,8245.6,8032.8,654.27K,-0.0076
2019年11月18日,8208.4,8510.3,8516.3,8110.4,692.60K,-0.0354
2019年11月17日,8509.8,8497.4,8631.7,8413,531.22K,0.0015
2019年11月16日,8497.3,8476.2,8532.8,8450.7,471.16K,0.0025
2019年11月15日,8476.3,8660.8,8761.8,8437.1,653.71K,-0.0213
2019年11月14日,8661.2,8782.9,8799.8,8615.8,515.43K,-0.0139
2019年11月13日,8783.1,8813.2,8829.7,8721.1,454.33K,-0.0033
2019年11月12日,8812.6,8737.4,8841.2,8615.7,575.16K,0.0087
2019年11月11日,8736.9,9036.9,9066.4,8649.4,601.16K,-0.0332
2019年11月10日,9036.8,8804.7,9092.9,8763.5,581.57K,0.0264
2019年11月9日,8804.5,8778.1,8877.5,8746.9,512.02K,0.003
2019年11月8日,8778.2,9223.6,9254.8,8722.4,791.79K,-0.0483
2019年11月7日,9223.5,9339.2,9367,9130,603.54K,-0.0124
2019年11月6日,9338.9,9311.2,9424.6,9262.7,578.03K,0.003
2019年11月5日,9310.8,9396.1,9452.7,9193.9,653.42K,-0.0091
2019年11月4日,9396.4,9198.7,9500.4,9134.1,681.01K,0.0215
2019年11月3日,9198.3,9300.5,9359.1,9095,536.56K,-0.011
2019年11月2日,9300.6,9230.3,9356.7,9201.2,570.74K,0.0076
2019年11月1日,9230.1,9153.1,9270.4,9057.2,689.65K,0.0085
2019年10月31日,9152.6,9157.9,9378.9,8959.6,798.93K,-0.0006
2019年10月30日,9157.9,9411.3,9411.3,9018.4,789.73K,-0.0269
2019年10月29日,9411.3,9206.5,9531.3,9125.3,918.48K,0.0222
2019年10月28日,9207.2,9530.1,9866.9,9202.5,1.04M,-0.0338
2019年10月27日,9529.6,9230.6,9773.2,9081,1.16M,0.0324
2019年10月26日,9230.6,8658.4,10540,8061.8,1.78M,0.0661
2019年10月25日,8658.3,7422.8,8697.7,7404.9,1.18M,0.1665
2019年10月24日,7422.7,7476.8,7501.5,7366.3,586.49K,-0.0073
2019年10月23日,7477,8031,8055,7329.2,892.08K,-0.069
2019年10月22日,8031.4,8207.4,8289.1,8017.7,570.39K,-0.0215
2019年10月21日,8208.2,8224.1,8315.3,8155.7,489.40K,-0.0018
2019年10月20日,8223.4,7957.4,8288.5,7889.6,513.91K,0.0334
2019年10月19日,7957.3,7948.3,8060.2,7892.4,428.83K,0.0011
2019年10月18日,7948.5,8073.3,8116.4,7842,505.79K,-0.0155
2019年10月17日,8073.3,8000.4,8118.2,7944.4,444.95K,0.0091
2019年10月16日,8000.4,8167.1,8185.9,7929.8,538.92K,-0.0204
2019年10月15日,8167.2,8353.4,8400.2,8139.5,469.73K,-0.0223
2019年10月14日,8353.3,8281.3,8374.3,8222.2,505.02K,0.0087
2019年10月13日,8281.5,8304.3,8450.2,8190.6,419.87K,-0.0028
2019年10月12日,8304.4,8267.6,8394.8,8260.9,424.02K,0.0044
2019年10月11日,8267.8,8562.2,8751.1,8249.7,667.86K,-0.0344
2019年10月10日,8562.3,8566.8,8638.5,8438.7,511.46K,-0.0005
2019年10月9日,8566.7,8180.1,8655.9,8122.7,636.43K,0.0469
2019年10月8日,8182.9,8198.5,8323.1,8118.1,469.04K,-0.0019
2019年10月7日,8198.6,7882.6,8293.5,7797,604.74K,0.0402
2019年10月6日,7881.9,8127.3,8145.5,7834.9,448.80K,-0.0302
2019年10月5日,8127.3,8148,8185.1,8030.6,360.92K,-0.0025
2019年10月4日,8148.1,8227.6,8233.6,8041.4,416.92K,-0.0096
2019年10月3日,8226.9,8363.6,8391.7,8090.1,460.97K,-0.0164
2019年10月2日,8364.1,8302.7,8374,8167.7,405.86K,0.0074
2019年10月1日,8302.7,8285,8486.2,8187.9,533.95K,0.0022
2019年9月30日,8284.3,8048.9,8318.5,7749,600.26K,0.0292
2019年9月29日,8049.1,8208,8226.8,7922.1,418.48K,-0.0194
2019年9月28日,8208.5,8184.5,8297.2,8031.1,457.79K,0.0029
2019年9月27日,8184.9,8063.8,8257.4,7882.1,561.40K,0.015
2019年9月26日,8063.8,8432.5,8463.1,7773.6,731.03K,-0.0437
2019年9月25日,8432.4,8512.3,8729.8,8245.1,696.11K,-0.0096
2019年9月24日,8513.9,9702.7,9793.8,8069.4,933.16K,-0.1225
2019年9月23日,9702.2,10031.3,10048.8,9656.3,431.10K,-0.0328
2019年9月22日,10031.6,9993,10075,9870.9,337.06K,0.0039
2019年9月21日,9993,10172.8,10177.9,9939.8,326.17K,-0.0177
2019年9月20日,10172.7,10251.5,10279.5,10088.6,362.07K,-0.0076
2019年9月19日,10250.5,10164.6,10297.6,9707.6,542.25K,0.0084
2019年9月18日,10164.7,10195.7,10257.5,10119.3,318.82K,-0.003
2019年9月17日,10195.7,10254.6,10273.6,10153.5,321.64K,-0.0058
2019年9月16日,10255.5,10311.3,10360.5,10108.5,372.53K,-0.0054
2019年9月15日,10311.5,10337.3,10360.4,10272,255.79K,-0.0025
2019年9月14日,10337.3,10342.2,10421.4,10253.7,326.44K,-0.0005
2019年9月13日,10342.1,10415.2,10441.4,10174.1,365.52K,-0.007
2019年9月12日,10415.1,10162.4,10447.9,10051,413.22K,0.0249
2019年9月11日,10162.5,10104.9,10257.5,9908.9,413.06K,0.0057
2019年9月10日,10105.4,10308.7,10379.8,9970.7,383.22K,-0.0198
2019年9月9日,10309,10402.1,10478,10095.7,473.76K,-0.009
2019年9月8日,10402.8,10461.6,10578,10266.3,339.73K,-0.0056
2019年9月7日,10461.1,10306.9,10556.4,10302.3,393.57K,0.0147
2019年9月6日,10309.3,10566.7,10896.2,10227.4,643.02K,-0.0244
2019年9月5日,10566.9,10567.8,10630.7,10469.9,402.09K,-0.0001
2019年9月4日,10568.2,10611.6,10783.6,10388.6,504.45K,-0.0042
2019年9月3日,10612.3,10348.1,10756.8,10283.5,578.79K,0.0255
2019年9月2日,10348.8,9728.8,10431.5,9720.3,542.79K,0.0637
2019年9月1日,9729.3,9594.7,9799.5,9533.6,322.66K,0.0141
2019年8月31日,9594.4,9585.5,9677.5,9457.3,311.49K,0.0009
2019年8月30日,9585.4,9494.1,9675.7,9370.2,413.92K,0.0099
2019年8月29日,9491,9729.1,9729.1,9343,509.13K,-0.0245
2019年8月28日,9729.4,10184.7,10271.3,9629.6,580.29K,-0.0447
2019年8月27日,10184.8,10372.2,10387.6,10060.2,419.81K,-0.018
2019年8月26日,10371.8,10136,10568.2,10136,568.77K,0.0232
2019年8月25日,10136.3,10132.1,10307,9935.2,422.53K,0.0005
2019年8月24日,10131,10389.4,10415.9,9917.5,463.85K,-0.0248
2019年8月23日,10388.7,10104.9,10434.3,9921.4,436.26K,0.0281
2019年8月22日,10105,10141.1,10218.2,9777,520.75K,-0.0036
2019年8月21日,10141.5,10753.3,10797.8,9908,717.65K,-0.0568
2019年8月20日,10752.6,10911.2,10941.6,10581,515.47K,-0.0145
2019年8月19日,10910.7,10312.8,10923.9,10267.8,519.01K,0.058
2019年8月18日,10312.7,10219.3,10494.9,10086.7,441.11K,0.0093
2019年8月17日,10218.1,10335.5,10460.7,10016.3,497.77K,-0.0114
2019年8月16日,10335.6,10300.9,10734,9788.6,798.67K,0.0031
2019年8月15日,10303.4,10053.3,10448.2,9580.1,930.05K,0.0253
2019年8月14日,10049.4,10894.2,10894.5,9965.5,745.59K,-0.0774
2019年8月13日,10892.9,11395,11445.6,10793.2,540.78K,-0.044
2019年8月12日,11394.2,11505.1,11508.6,11267.3,391.08K,-0.0107
2019年8月11日,11517.2,11314.6,11728.4,11146.1,435.83K,0.0179
2019年8月10日,11314.5,12090.5,12185,11281.6,570.74K,-0.0641
2019年8月9日,12089.8,12190,12225.3,11885,558.72K,-0.0084
2019年8月8日,12191.6,12015.9,12236.6,11727,592.15K,0.0148
2019年8月7日,12013.9,11481,12114.5,11406.4,702.85K,0.0464
2019年8月6日,11480.9,11817.6,12291.9,11237,807.58K,-0.0284
2019年8月5日,11816.8,10934.8,11922.3,10934.8,769.63K,0.0807
2019年8月4日,10934.6,10816.1,11017.7,10568.8,585.71K,0.011
2019年8月3日,10815.7,10519.9,10893.6,10504.5,508.75K,0.0281
2019年8月2日,10520.1,10380.5,10664.8,10330.5,578.29K,0.0135
2019年8月1日,10380,10081.9,10459,9890.6,608.37K,0.0296
2019年7月31日,10082,9580.3,10100,9562.4,589.84K,0.0523
2019年7月30日,9580.7,9580,9703,9483,511.51K,0
2019年7月29日,9580.9,9728.5,9835.4,9502.5,510.90K,-0.0151
2019年7月28日,9727.8,9491.1,9798.5,9401.1,518.59K,0.0248
2019年7月27日,9492.1,9830.4,10232.3,9389.1,661.89K,-0.0345
2019年7月26日,9831,9945.2,10436.1,9724.2,493.75K,-0.0115
2019年7月25日,9945.3,9804.7,10203.5,9776.6,545.85K,0.0144
2019年7月24日,9804.3,9887.2,9945.3,9584,639.54K,-0.0085
2019年7月23日,9888.7,10412.8,10414.7,9865.4,663.38K,-0.0503
2019年7月22日,10412.5,10715.1,10806.3,10196.5,591.27K,-0.0282
2019年7月21日,10714.4,10827,10883.8,10442.5,562.17K,-0.0104
2019年7月20日,10826.7,10571.9,11155.6,10462,668.94K,0.0241
2019年7月19日,10571.5,10651.6,10758.4,10160.7,727.79K,-0.0075
2019年7月18日,10651.4,9723.1,10787.1,9390,974.49K,0.0955
2019年7月17日,9723.2,9425.1,9983.6,9082.6,1.03M,0.0317
2019年7月16日,9424.8,10844,11019.5,9375.3,1.05M,-0.131
2019年7月15日,10845.9,10199.9,11064.7,9885.4,956.52K,0.0633
2019年7月14日,10200.1,11364.3,11448.7,10128.9,840.76K,-0.1025
2019年7月13日,11364.9,11762.8,11798.4,10839.4,747.71K,-0.0338
2019年7月12日,11762.1,11343.7,11881.4,11109.8,738.17K,0.037
2019年7月11日,11342.3,12111.6,12111.6,11029,943.13K,-0.0634
2019年7月10日,12110.6,12542.8,13134.4,11594.9,1.11M,-0.0344
2019年7月9日,12541.5,12250.6,12772.9,12111.2,847.84K,0.0236
2019年7月8日,12252.6,11415.8,12332.3,11304.8,695.60K,0.0733
2019年7月7日,11415.9,11267.9,11524.6,11108.1,601.93K,0.0131
2019年7月6日,11268,10969.8,11650.2,10967.9,688.96K,0.0271
2019年7月5日,10970.2,11159.7,11381.8,10810.3,772.67K,-0.0173
2019年7月4日,11163.1,11899.3,11948,11087.1,840.34K,-0.062
2019年7月3日,11900.8,10835.9,11931.8,10835.9,998.73K,0.0983
2019年7月2日,10835.9,10615.5,10923.5,9728.5,1.12M,0.0207
2019年7月1日,10616.6,10821.4,11254.5,10041.6,1.04M,-0.0187
2019年6月30日,10818.6,11906,12179.3,10765.4,880.77K,-0.0914
2019年6月29日,11906.5,12408,12422.9,11490.8,834.62K,-0.0405
2019年6月28日,12409.1,11288.4,12461.8,10970.5,1.09M,0.0993
2019年6月27日,11287.8,13062.4,13422,10493.5,1.59M,-0.1359
2019年6月26日,13063.8,11811.6,13929.8,11747.3,1.48M,0.1062
2019年6月25日,11809.9,11046.6,11833.9,11033.7,781.09K,0.0691
2019年6月24日,11046.4,10897.3,11114.4,10622.6,566.96K,0.0137
2019年6月23日,10897.1,10721.5,11361.3,10557.8,683.79K,0.0164
2019年6月22日,10721.7,10178.1,11160.5,10031.3,1.09M,0.0533
2019年6月21日,10179.3,9517.7,10184.3,9517.4,769.12K,0.0696
2019年6月20日,9517,9255,9583.9,9188.4,693.62K,0.0283
2019年6月19日,9255.4,9080.7,9295.1,9044,587.57K,0.0193
2019年6月18日,9080.6,9318.9,9336.1,8962.7,723.17K,-0.0256
2019年6月17日,9318.8,8961,9438.1,8959.8,738.80K,0.0398
2019年6月16日,8962.5,8812.2,9332,8771.1,849.77K,0.017
2019年6月15日,8812.5,8655.8,8856.7,8582.3,608.69K,0.0181
2019年6月14日,8656.1,8218.6,8685.3,8153.2,643.17K,0.0532
2019年6月13日,8219,8132.4,8306.1,8028.6,574.21K,0.0106
2019年6月12日,8133.1,7888,8198.1,7805.8,607.89K,0.0311
2019年6月11日,7888,7987.8,8010.4,7714.5,579.00K,-0.0125
2019年6月10日,7987.8,7635,8012.8,7523.6,641.38K,0.0462
2019年6月9日,7635,7901.6,7937.5,7516.9,554.48K,-0.0337
2019年6月8日,7901.4,7985.3,8044.4,7770.5,485.81K,-0.0105
2019年6月7日,7985.2,7785.8,8099.4,7749.4,588.87K,0.0257
2019年6月6日,7784.9,7779.6,7861.4,7480.4,651.82K,0.0008
2019年6月5日,7779.1,7685.6,7885,7590.4,762.94K,0.0122
2019年6月4日,7685.5,8118.1,8118.1,7494,966.95K,-0.0541
2019年6月3日,8124.8,8728.6,8734.9,8102.7,739.45K,-0.0692
2019年6月2日,8728.6,8545.8,8807.7,8534.8,614.54K,0.0214
2019年6月1日,8545.7,8556.9,8615.8,8454,686.75K,-0.0015
2019年5月31日,8558.3,8271.4,8578.8,8135,858.41K,0.0346
2019年5月30日,8271.9,8647.8,9045.9,8054.7,1.04M,-0.0435
2019年5月29日,8647.8,8715.6,8747.2,8435.3,15.43M,-0.0079
2019年5月28日,8716.3,8759.4,8794.1,8568.8,763.20K,-0.005
2019年5月27日,8760.1,8628.9,8902.8,8607.3,907.96K,0.0151
2019年5月26日,8630.2,8029.6,8718.6,7866.5,872.12K,0.0751
2019年5月25日,8027.4,7971.4,8090.1,7919.1,691.27K,0.0072
2019年5月24日,7970.1,7852.8,8124.1,7775.4,868.47K,0.015
2019年5月23日,7852.1,7637.2,7939.1,7486.8,815.14K,0.0283
2019年5月22日,7635.7,7928.7,7999,7545.9,821.40K,-0.0372
2019年5月21日,7930.3,7965,8056.8,7813.2,804.88K,-0.0044
2019年5月20日,7965.3,8156.4,8156.4,7604,958.81K,-0.0235
2019年5月19日,8157.2,7261.9,8253.4,7252.3,1.08M,0.1232
2019年5月18日,7262.6,7359.9,7458.5,7189.4,865.53K,-0.0132
2019年5月17日,7359.5,7871.9,7924,6998.6,1.43M,-0.0651
2019年5月16日,7871.8,8164.8,8293.3,7720.4,1.18M,-0.0359
2019年5月15日,8164.6,7994.8,8225.3,7856.5,1.13M,0.0213
2019年5月14日,7994.6,7806.4,8323.9,7674,1.33M,0.0242
2019年5月13日,7806,6984.7,8058.3,6893.1,1.20M,0.1176
2019年5月12日,6984.8,7190,7518.9,6802.6,1.35M,-0.0286
2019年5月11日,7190.3,6386.6,7373.8,6386.5,1.31M,0.1259
2019年5月10日,6386,6194.3,6466.6,6157.8,907.94K,0.0314
2019年5月9日,6191.5,5990.5,6206,5990,799.96K,0.0336
2019年5月8日,5990.3,5849.4,6011.3,5799.1,757.13K,0.0241
2019年5月7日,5849.5,5745.5,6019.8,5745.5,955.88K,0.0182
2019年5月6日,5745.1,5775.1,5801.4,5630.5,755.39K,-0.0052
2019年5月5日,5774.9,5830.8,5838.2,5708.2,709.02K,-0.0096
2019年5月4日,5830.9,5768,5899.2,5605,920.61K,0.0111
2019年5月3日,5766.8,5493.6,5844.2,5478.7,1.04M,0.0497
2019年5月2日,5493.8,5384.6,5530.8,5370,722.23K,0.0204
2019年5月1日,5384.2,5321.1,5396.3,5319.5,623.64K,0.0119
2019年4月30日,5320.8,5235.4,5336.6,5195.9,697.42K,0.0164
2019年4月29日,5235,5302.4,5322.9,5188.9,775.82K,-0.0127
2019年4月28日,5302.3,5265.7,5332.5,5234.4,681.41K,0.0069
2019年4月27日,5265.9,5298.2,5318.1,5225.4,833.13K,-0.0061
2019年4月26日,5298.3,5209.2,5469.3,5159.3,1.03M,0.0171
2019年4月25日,5209.1,5415.6,5528.2,5137.4,955.36K,-0.0381
2019年4月24日,5415.6,5511.2,5589.6,5346.8,994.04K,-0.0174
2019年4月23日,5511.6,5346.5,5594.4,5291.4,900.00K,0.0308
2019年4月22日,5346.7,5248.2,5370.2,5170.2,920.77K,0.0197
2019年4月21日,5243.5,5290.2,5308.2,5189.8,811.41K,-0.0088
2019年4月20日,5290.2,5241,5327,5240.2,782.32K,0.0094
2019年4月19日,5241,5264.8,5282.4,5192.1,787.09K,-0.0045
2019年4月18日,5264.7,5208.3,5293.1,5205,727.97K,0.0108
2019年4月17日,5208.3,5182.1,5230.9,5165.5,806.52K,0.0053
2019年4月16日,5180.9,5031.4,5198.4,5014.4,631.05K,0.0295
2019年4月15日,5032.3,5135.1,5168,4964.2,688.20K,-0.02
2019年4月14日,5134.8,5052,5153.5,5010.7,566.38K,0.0164
2019年4月13日,5051.8,5054.2,5093.4,5011.6,577.16K,-0.0005
2019年4月12日,5054.2,5022.7,5080.5,4889.2,779.14K,0.0063
2019年4月11日,5022.6,5307.7,5337,4948,943.49K,-0.0537
2019年4月10日,5307.8,5158.4,5404.1,5142.9,837.51K,0.0289
2019年4月9日,5158.4,5245,5245.9,5095.2,784.62K,-0.0165
2019年4月8日,5245.2,5173.5,5300.6,5060.5,928.23K,0.0138
2019年4月7日,5173.6,5046.1,5219.5,5033.7,841.27K,0.0253
2019年4月6日,5046.2,5010,5198.4,4947.9,952.18K,0.0072
2019年4月5日,5010.2,4902.5,5029.4,4888.3,851.72K,0.022
2019年4月4日,4902.4,4968.7,5042.5,4789.2,1.05M,-0.0133
2019年4月3日,4968.7,4859.3,5278.4,4814,13.83M,0.0225
2019年4月2日,4859.3,4145.1,4899.6,4143.5,14.77M,0.1723
2019年4月1日,4145.1,4102.3,4159.1,4076.8,3.22M,0.0104
2019年3月31日,4102.3,4111.8,4121.9,4082.2,2.43M,-0.0023
2019年3月30日,4111.8,4103.7,4138.1,4057.1,2.55M,0.0023
2019年3月29日,4102.2,4025.7,4123.1,4022.6,3.30M,0.019
2019年3月28日,4025.6,4041.7,4041.7,4008.4,2.11M,-0.004
2019年3月27日,4041.7,3942.8,4043.3,3936.2,2.78M,0.0251
2019年3月26日,3942.8,3937.1,3950.7,3899.9,2.53M,0.0015
2019年3月25日,3937,3994.8,4000.5,3897.9,2.86M,-0.0144
2019年3月24日,3994.7,4002.6,4005.7,3967,2.04M,-0.002
2019年3月23日,4002.5,3990.4,4018.2,3980.8,2.00M,0.003
2019年3月22日,3990.4,3982.2,4005.7,3971.8,2.83M,0.0021
2019年3月21日,3982.2,4041.2,4064,3923.8,3.88M,-0.0146
2019年3月20日,4041.2,4017,4050,3985.3,3.18M,0.006
2019年3月19日,4017,3990.2,4029.9,3972.4,2.99M,0.0067
2019年3月18日,3990.2,3981.5,4032.3,3958.5,2.62M,0.0022
2019年3月17日,3981.5,4006.4,4009.8,3956.3,1.87M,-0.0062
2019年3月16日,4006.4,3924.4,4050.6,3923.7,3.46M,0.0209
2019年3月15日,3924.3,3879,3935.7,3874.8,3.11M,0.0117
2019年3月14日,3879,3865.1,3914.7,3828.4,2.86M,0.0036
2019年3月13日,3865.1,3885.9,3894.7,3847.4,2.28M,-0.0054
2019年3月12日,3886,3870.3,3900.1,3817.1,2.90M,0.0041
2019年3月11日,3870.3,3915.2,3935.5,3842.4,3.19M,-0.0115
2019年3月10日,3915.2,3944.4,3944.5,3889.2,1.89M,-0.0074
2019年3月9日,3944.3,3865.6,3964,3859.7,2.48M,0.0203
2019年3月8日,3865.9,3875.1,3929,3810.7,2.96M,-0.0024
2019年3月7日,3875.1,3863.1,3907.4,3847.9,2.60M,0.0032
2019年3月6日,3863,3857.2,3887.3,3816.7,2.52M,0.0015
2019年3月5日,3857.2,3715.9,3873.2,3705.7,3.82M,0.038
2019年3月4日,3715.9,3809.7,3828.4,3681.8,2.85M,-0.0245
2019年3月3日,3809.5,3823.2,3836.6,3789.7,1.51M,-0.0036
2019年3月2日,3823.1,3821.9,3843.2,3783.6,1.61M,0.0003
2019年3月1日,3821.9,3816.7,3855.8,3816.4,1.74M,0.0014
2019年2月28日,3816.6,3814.6,3883.7,3783.3,2.31M,0.0005
2019年2月27日,3814.6,3810.3,3836.4,3701.9,2.82M,0.0011
2019年2月26日,3810.3,3833.5,3845.5,3775,2.09M,-0.0061
2019年2月25日,3833.7,3755.7,3870.7,3753.8,765.87K,0.0209
2019年2月24日,3755.2,4120.5,4194.2,3738.7,977.78K,-0.0886
2019年2月23日,4120.4,3965.2,4152.6,3939.4,727.85K,0.0391
2019年2月22日,3965.2,3937.4,3983.1,3931.7,649.55K,0.0073
2019年2月21日,3936.6,3972,4011.5,3909.2,668.16K,-0.009
2019年2月20日,3972.4,3914.3,3983.6,3881.2,698.01K,0.0148
2019年2月19日,3914.3,3896.4,3993.8,3863.7,1.44M,0.0047
2019年2月18日,3896,3664.2,3903.7,3655.1,933.15K,0.0633
2019年2月17日,3664.2,3616.8,3689.9,3607.9,580.51K,0.0131
2019年2月16日,3616.8,3604.7,3641.9,3599.7,485.63K,0.0034
2019年2月15日,3604.7,3592.6,3648.3,3581.4,516.21K,0.0034
2019年2月14日,3592.6,3611.5,3624.5,3580.2,498.14K,-0.0052
2019年2月13日,3611.5,3632,3663.5,3599.2,558.02K,-0.0056
2019年2月12日,3632,3631.8,3656.4,3594.4,545.82K,0.0001
2019年2月11日,3631.8,3678.8,3681.1,3623.8,517.28K,-0.0128
2019年2月10日,3679,3661,3680.6,3617.1,501.90K,0.0048
2019年2月9日,3661.4,3661.6,3675.3,3633.2,454.80K,-0.0001
2019年2月8日,3661.7,3397.3,3721.1,3382.5,699.23K,0.0777
2019年2月7日,3397.7,3404.9,3421.8,3390.3,471.36K,-0.002
2019年2月6日,3404.3,3468.5,3478,3383.9,514.21K,-0.0185
2019年2月5日,3468.4,3463,3485.9,3450.3,460.95K,0.0016
2019年2月4日,3462.8,3459,3479.7,3437.1,503.92K,0.0011
2019年2月3日,3459.1,3502.3,3507.8,3431.3,451.66K,-0.0124
2019年2月2日,3502.5,3467.9,3514.5,3447.8,443.60K,0.01
2019年2月1日,3467.9,3437.7,3485.7,3415.3,481.58K,0.009
2019年1月31日,3437.2,3460,3484.7,3427,477.07K,-0.0066
2019年1月30日,3460,3414.6,3479,3394.2,600.25K,0.0132
2019年1月29日,3414.8,3442.8,3450.1,3368.2,585.46K,-0.0081
2019年1月28日,3442.8,3555.8,3561.2,3395.7,620.85K,-0.0317
2019年1月27日,3555.6,3570.9,3583.2,3509.2,464.02K,-0.0043
2019年1月26日,3570.9,3572,3652.5,3556.1,432.55K,-0.0003
2019年1月25日,3572,3574.3,3582.6,3542.2,448.89K,-0.0006
2019年1月24日,3574.3,3561.4,3587,3539.7,428.60K,0.0036
2019年1月23日,3561.5,3580.1,3608.3,3532.8,445.87K,-0.0052
2019年1月22日,3580.1,3536.9,3607.9,3465.2,447.70K,0.0123
2019年1月21日,3536.7,3542.7,3561.4,3505.4,394.17K,-0.0016
2019年1月20日,3542.3,3676.2,3699.1,3503.9,563.31K,-0.0368
2019年1月19日,3677.8,3605.8,3715.2,3604.1,537.06K,0.02
2019年1月18日,3605.6,3626.3,3627.9,3575.7,488.16K,-0.0057
2019年1月17日,3626.4,3588.1,3636.7,3554.8,525.10K,0.0107
2019年1月16日,3588,3570.6,3644.1,3561.4,487.34K,0.0047
2019年1月15日,3571.3,3637.5,3660.8,3545.7,544.85K,-0.0184
2019年1月14日,3638.1,3490.4,3672,3490.4,539.93K,0.0424
2019年1月13日,3490.2,3597.3,3617.6,3473.2,452.79K,-0.0298
2019年1月12日,3597.2,3616.6,3633.9,3561.3,435.06K,-0.0053
2019年1月11日,3616.5,3603.3,3655.7,3563.1,551.64K,0.0035
2019年1月10日,3603.7,3978.9,4007.7,3562.1,697.31K,-0.0941
2019年1月9日,3978,3971,4014.2,3957.5,473.42K,0.0017
2019年1月8日,3971,3985.8,4070.5,3943.1,514.08K,-0.0037
2019年1月7日,3985.9,4004.3,4028,3945.5,500.88K,-0.0045
2019年1月6日,4004.1,3785.7,4034.1,3758.5,529.89K,0.0578
2019年1月5日,3785.4,3802.8,3846.7,3769,468.45K,-0.0046
2019年1月4日,3802.7,3780.5,3823.9,3720,488.70K,0.006
2019年1月3日,3780.1,3874.1,3875.8,3753,450.32K,-0.0242
2019年1月2日,3873.8,3809.7,3894.8,3768.1,554.47K,0.0169
2019年1月1日,3809.4,3709.5,3814.3,3664.4,469.11K,0.0269
2018年12月31日,3709.4,3815.1,3819.6,3658.8,545.83K,-0.0277
2018年12月30日,3815,3708.2,3837.7,3682.5,519.17K,0.0292
2018年12月29日,3706.8,3861.6,3899.6,3696,505.41K,-0.0401
2018年12月28日,3861.6,3587.1,3900.3,3565.5,565.24K,0.0766
2018年12月27日,3586.9,3793.4,3822.6,3560.8,543.44K,-0.0545
2018年12月26日,3793.7,3762.8,3841.9,3680.3,567.11K,0.0083
2018年12月25日,3762.5,4025.6,4030.7,3676.5,670.94K,-0.0655
2018年12月24日,4026.1,3944.5,4208.2,3941.9,716.29K,0.0207
2018年12月23日,3944.4,3964.3,4037.1,3904.6,572.21K,-0.005
2018年12月22日,3964.4,3850.9,3977.2,3803.7,554.59K,0.0295
2018年12月21日,3850.9,4075.2,4153.1,3786.9,748.76K,-0.0552
2018年12月20日,4076,3687.2,4140.3,3665.8,958.58K,0.1055
2018年12月19日,3687.1,3668.1,3924.7,3647.5,792.40K,0.0052
2018年12月18日,3668,3526,3683.1,3456.9,698.53K,0.0402
2018年12月17日,3526.1,3248.3,3597.4,3243.1,534.78K,0.0857
2018年12月16日,3247.9,3228.6,3305,3225.9,335.69K,0.006
2018年12月15日,3228.7,3247.8,3282.3,3177,332.95K,-0.0059
2018年12月14日,3247.8,3315.4,3336.6,3199.1,445.56K,-0.0204
2018年12月13日,3315.3,3466.2,3474.4,3284.8,435.89K,-0.0435
2018年12月12日,3466.1,3390.2,3510.2,3379.4,391.17K,0.0172
2018年12月11日,3407.7,3460.4,3485.9,3349.9,418.53K,-0.0153
2018年12月10日,3460.5,3566.9,3622.4,3412.7,394.49K,-0.03
2018年12月9日,3567.5,3430.3,3677.6,3424.2,327.93K,0.04
2018年12月8日,3430.4,3422.3,3507.7,3302.9,424.40K,0.0024
2018年12月7日,3422.2,3508.9,3626.6,3251.8,639.33K,-0.0246
2018年12月6日,3508.6,3771.4,3887.2,3505.7,467.54K,-0.0697
2018年12月5日,3771.6,3958.1,3974.1,3765.2,341.60K,-0.0472
2018年12月4日,3958.5,3899.9,4082.9,3809.3,326.71K,0.0156
2018年12月3日,3897.8,4160.3,4177,3839.9,355.10K,-0.0631
2018年12月2日,4160.4,4196.2,4316.1,4105.3,298.63K,-0.0085
2018年12月1日,4196.2,4038.7,4299.1,3967.1,316.30K,0.0387
2018年11月30日,4039.7,4296.8,4340.6,3954.5,444.52K,-0.0598
2018年11月29日,4296.5,4265.5,4440.1,4140.6,414.46K,0.0073
2018年11月28日,4265.4,3866.4,4391.8,3866.4,533.04K,0.1032
2018年11月27日,3866.5,3840.3,3920.6,3687.8,457.27K,0.0077
2018年11月26日,3837,4061,4179,3679.8,571.04K,-0.0554
2018年11月25日,4062.2,3920.3,4198.4,3634.2,619.95K,0.0362
2018年11月24日,3920.4,4397.3,4494.6,3821.5,382.72K,-0.1086
2018年11月23日,4398,4360.9,4455.6,4223.7,348.99K,0.0096
2018年11月22日,4356,4646.4,4695.7,4346.7,261.85K,-0.0609
2018年11月21日,4638.7,4523,4743.7,4393,412.74K,0.0252
2018年11月20日,4524.6,4883.6,5013.4,4272.3,714.08K,-0.0736
2018年11月19日,4883.8,5660.4,5662.5,4831.1,478.26K,-0.1369
2018年11月18日,5658.3,5621,5727.9,5615.5,158.68K,0.0065
2018年11月17日,5621.8,5636.2,5645.5,5561.4,156.51K,-0.0026
2018年11月16日,5636.2,5723.5,5747.7,5539.7,224.12K,-0.0145
2018年11月15日,5718.9,5854,5878.5,5384.1,375.86K,-0.0211
2018年11月14日,5842.4,6428.9,6453.3,5619.2,438.21K,-0.0913
2018年11月13日,6429.2,6435,6466.8,6386.7,137.60K,-0.0009
2018年11月12日,6435,6445,6475.9,6409.4,130.16K,-0.0017
2018年11月11日,6446.1,6427.1,6451.7,6359,127.40K,0.003
2018年11月10日,6427.1,6411.9,6461.7,6411.7,115.87K,0.0024
2018年11月9日,6412,6473.8,6496.1,6390,151.60K,-0.0096
2018年11月8日,6474,6565.3,6577.3,6466.3,159.30K,-0.0139
2018年11月7日,6565.3,6503.1,6594.3,6502,170.76K,0.0096
2018年11月6日,6502.8,6460.4,6509.6,6441.6,154.87K,0.0067
2018年11月5日,6459.7,6478.2,6489.2,6431.7,128.51K,-0.0029
2018年11月4日,6478.2,6386.2,6508.9,6359.7,128.76K,0.0144
2018年11月3日,6386.2,6424.5,6429.5,6346.2,112.84K,-0.006
2018年11月2日,6424.7,6400.5,6444.3,6390.9,135.87K,0.0038
2018年11月1日,6400.5,6365.9,6421.8,6354.2,124.16K,0.0054
2018年10月31日,6365.9,6327.9,6405.7,6257.8,129.06K,0.0064
2018年10月30日,6325.7,6336.7,6469.9,6316.5,128.21K,-0.0015
2018年10月29日,6335,6486.1,6498.4,6310.5,160.52K,-0.0233
2018年10月28日,6486.1,6494.6,6502.2,6461.2,93.97K,-0.0012
2018年10月27日,6494.2,6510,6534,6473.7,76.72K,-0.0024
2018年10月26日,6510,6507,6570.5,6498.5,97.17K,0.0005
2018年10月25日,6507,6532.5,6544.8,6491.5,97.43K,-0.0036
2018年10月24日,6530.7,6531.2,6593.8,6522.6,98.74K,0.0003
2018年10月23日,6528.7,6558.6,6573.6,6500.5,108.86K,-0.0041
2018年10月22日,6555.8,6583,6612.7,6529.5,101.57K,-0.0041
2018年10月21日,6583,6575.9,6643.1,6568,92.94K,0.0016
2018年10月20日,6572.2,6511.7,6593.7,6495.9,97.77K,0.0092
2018年10月19日,6512,6576.4,6603.2,6506.9,121.44K,-0.0094
2018年10月18日,6574.1,6690.1,6736.3,6530.6,134.15K,-0.0168
2018年10月17日,6686.6,6718.9,6745.9,6637.8,136.71K,-0.0028
2018年10月16日,6705.3,6712.4,6836.7,6645.4,155.85K,0.0008
2018年10月15日,6699.8,6326.8,7358.4,6300.2,443.33K,0.059
2018年10月14日,6326.8,6321.6,6390.9,6300,99.38K,0.0008
2018年10月13日,6321.7,6291.3,6329.3,6282.8,94.45K,0.0048
2018年10月12日,6291.3,6239.2,6344.8,6206.8,147.40K,0.0084
2018年10月11日,6239.1,6618,6622.5,6206.2,245.28K,-0.0572
2018年10月10日,6618,6650.6,6653.5,6526,101.93K,-0.0049
2018年10月9日,6650.8,6669.6,6678.9,6613.3,80.79K,-0.0028
2018年10月8日,6669.6,6611,6699.5,6589.9,119.68K,0.0089
2018年10月7日,6611,6596.3,6633.9,6523.8,77.06K,0.0022
2018年10月6日,6596.3,6639.1,6661.5,6550.4,9.18M,-0.0065
2018年10月5日,6639.1,6584.2,6682.3,6537.6,9.34M,0.0083
2018年10月4日,6584.2,6509.2,6653,6487.8,9.31M,0.0117
2018年10月3日,6507.8,6549.9,6563.5,6429.6,9.21M,-0.0064
2018年10月2日,6549.9,6608.2,6645.7,6034.9,9.34M,-0.0088
2018年10月1日,6608.2,6635.2,6674.7,6072.7,9.19M,-0.0041
2018年9月30日,6635.2,6603.9,6673.9,6533.5,9.34M,0.0047
2018年9月29日,6603.9,6633.9,6648.4,6464.4,9.42M,-0.0048
2018年9月28日,6636,6685.7,6809.2,6538.6,9.57M,-0.0079
2018年9月27日,6689.2,6463.7,6738.3,6428.8,9.34M,0.0342
2018年9月26日,6468.1,6443,6551.9,6384.1,8.64M,0.0036
2018年9月25日,6445.1,6590.6,6590.6,5977,7.34M,-0.0211
2018年9月24日,6584.1,6713.3,6728.1,6559.1,7.57M,-0.0179
2018年9月23日,6704.1,6729.6,6789.4,6666.4,7.34M,-0.0038
2018年9月22日,6729.6,6766.7,6833.3,6635.5,7.31M,-0.0055
2018年9月21日,6766.7,6490.9,6780.5,6489.8,7.73M,0.0428
2018年9月20日,6489.2,6390.4,6537.5,6346.4,5.18M,0.0155
2018年9月19日,6390.4,6342,6478.7,6144.5,3.54M,0.0076
2018年9月18日,6342,6251.9,6388.8,6228.8,2.82M,0.0144
2018年9月17日,6251.9,6500.2,6533.5,6215.9,3.26M,-0.0382
2018年9月16日,6500.2,6519,6520.8,6406.2,3.34M,-0.0029
2018年9月15日,6519,6482.6,6562.9,6470.3,3.16M,0.0054
2018年9月14日,6483.7,6482.9,6579.4,6412.1,3.20M,0.0001
2018年9月13日,6482.9,6338,6867.3,6337.8,3.53M,0.0229
2018年9月12日,6338,6293.9,6353.5,6204.5,3.04M,0.007
2018年9月11日,6293.9,6320.7,6391.8,6189.6,3.30M,-0.0043
2018年9月10日,6321,6238.5,6358.5,6237.3,3.11M,0.0132
2018年9月9日,6238.5,6184.3,6432.6,6148.8,2.84M,0.0088
2018年9月8日,6184.3,6390.9,6484.3,6132.3,3.46M,-0.0323
2018年9月7日,6390.9,6514.1,6540.6,6316.2,3.30M,-0.0189
2018年9月6日,6514,6706.8,6732.9,6337.8,4.02M,-0.0287
2018年9月5日,6706.8,7377.5,7407.5,6691.8,4.55M,-0.0909
2018年9月4日,7377.5,7264.2,7409.9,7234.5,3.92M,0.0156
2018年9月3日,7264.2,7289.8,7330.7,7182.8,3.87M,-0.0041
2018年9月2日,7293.9,7189.6,7334.8,7117.3,3.90M,0.0145
2018年9月1日,7189.6,7032.4,7264.3,7020.4,3.52M,0.0221
2018年8月31日,7033.8,6993.7,7080.2,6698,4.21M,0.0057
2018年8月30日,6993.7,7029.2,7050.2,6798,3.74M,-0.005
2018年8月29日,7029.1,7074.6,7121.4,6926.7,4.11M,-0.0064
2018年8月28日,7074.6,6897.6,7129.7,6861.2,3.79M,0.0257
2018年8月27日,6897.6,6712.7,6902.9,6650.4,3.26M,0.0275
2018年8月26日,6712.7,6734.9,6892.7,6573.1,3.37M,-0.0033
2018年8月25日,6734.8,6680.6,6783.4,6655.3,3.59M,0.0081
2018年8月24日,6680.4,6521.2,6721.2,6472.8,3.70M,0.0244
2018年8月23日,6521.2,6359.9,6550.2,6359.2,2.76M,0.0254
2018年8月22日,6359.6,6482.2,6840.8,6304.8,3.63M,-0.0189
2018年8月21日,6482.2,6268.1,6484.1,6257.4,1.46M,0.0341
2018年8月20日,6268.1,6474.2,6516.4,6255.9,3.10M,-0.0329
2018年8月19日,6481.5,6379.1,6534.8,6316,2.71M,0.0161
2018年8月18日,6379.1,6581.8,6626.4,6295.5,3.15M,-0.0308
2018年8月17日,6581.7,6306.7,6581.7,6291.8,3.20M,0.0436
2018年8月16日,6306.7,6256.9,6470.9,6249.8,3.50M,0.008
2018年8月15日,6256.9,6190.2,6592.8,6177.9,3.74M,0.0108
2018年8月14日,6190.2,6255.3,6255.3,5898.3,3.66M,-0.0104
2018年8月13日,6255.3,6313,6524.1,6159.6,234.09K,-0.0091
2018年8月12日,6313,6232.1,6453,6169.8,216.33K,0.0131
2018年8月11日,6231.6,6152.8,6469.6,6009.8,247.34K,0.0129
2018年8月10日,6152.3,6539.5,6570.2,6043.4,298.82K,-0.0591
2018年8月9日,6538.8,6283.7,6620.2,6197,237.66K,0.0406
2018年8月8日,6283.6,6725.2,6725.2,6138.8,311.54K,-0.0656
2018年8月7日,6724.9,6943.6,7149.7,6689.9,232.48K,-0.0315
2018年8月6日,6943.6,7027.8,7143.6,6852.5,168.87K,-0.0119
2018年8月5日,7027.1,7014,7087.6,6887.9,177.64K,0.0018
2018年8月4日,7014.3,7418.9,7484.2,6949.7,222.57K,-0.0546
2018年8月3日,7419,7535.6,7535.6,7293.5,226.46K,-0.0155
2018年8月2日,7535.6,7606.4,7701.4,7470.6,216.34K,-0.0093
2018年8月1日,7606.4,7728.5,7753.2,7449.2,237.69K,-0.0159
2018年7月31日,7729.4,8176.4,8176.5,7649.8,266.94K,-0.0548
2018年7月30日,8177.1,8214.7,8262,7874.4,242.21K,-0.0047
2018年7月29日,8215.6,8231.5,8275.4,8113.3,155.24K,-0.0022
2018年7月28日,8234.1,8186.8,8234.1,8077.4,147.14K,0.0057
2018年7月27日,8187.4,7936.9,8273.8,7808.3,243.22K,0.0315
2018年7月26日,7937,8173.9,8304.3,7861,235.45K,-0.029
2018年7月25日,8173.7,8404.9,8484.6,8062.1,269.23K,-0.0278
2018年7月24日,8407,7723.1,8479.8,7701.9,345.32K,0.0886
2018年7月23日,7723,7412.4,7809.6,7379.2,272.15K,0.0419
2018年7月22日,7412.3,7409,7575.3,7343.7,204.16K,0.0005
2018年7月21日,7408.7,7339.3,7460.8,7223.5,160.77K,0.0095
2018年7月20日,7339.4,7477.6,7683.6,7292,258.85K,-0.0185
2018年7月19日,7477.5,7383.9,7558.4,7288.8,247.25K,0.0127
2018年7月18日,7383.6,7321.6,7581.2,7249.3,333.32K,0.0084
2018年7月17日,7322,6729.8,7453.2,6666,337.75K,0.088
2018年7月16日,6729.9,6362.8,6749.2,6344.1,312.12K,0.0577
2018年7月15日,6362.9,6254.8,6399.6,6238.5,180.67K,0.0173
2018年7月14日,6254.8,6229.5,6313.5,6192.5,243.71K,0.004
2018年7月13日,6230.2,6250.8,6333.8,6144.5,233.22K,-0.0033
2018年7月12日,6250.6,6389.1,6389.4,6088.8,289.24K,-0.0217
2018年7月11日,6389.1,6307.2,6409.7,6296.6,243.82K,0.013
2018年7月10日,6307.2,6668.4,6686.8,6291.5,315.27K,-0.054
2018年7月9日,6667.1,6715.1,6793.8,6637.7,289.48K,-0.0071
2018年7月8日,6714.8,6765.4,6784,6694.3,267.60K,-0.0075
2018年7月7日,6765.5,6617.7,6805.9,6531.1,114.57K,0.0223
2018年7月6日,6617.7,6546.5,6638.2,6458.3,132.69K,0.0109
2018年7月5日,6546.5,6598,6693.6,6466.1,166.18K,-0.0079
2018年7月4日,6598.4,6513.8,6774.5,6442.3,143.04K,0.013
2018年7月3日,6513.5,6618.6,6676.6,6513.5,150.19K,-0.016
2018年7月2日,6619.5,6349.1,6680,6275,179.92K,0.0397
2018年7月1日,6366.8,6398.5,6445.1,6284.7,128.51K,-0.005
2018年6月30日,6398.9,6213.4,6498.5,6204,189.33K,0.0299
2018年6月29日,6213.3,5883.2,6284.9,5818.5,206.96K,0.0561
2018年6月28日,5883.5,6154.9,6178.4,5854,156.05K,-0.0441
2018年6月27日,6154.9,6081.1,6187.3,6025.4,133.42K,0.012
2018年6月26日,6082.1,6256.9,6267.7,6060,176.66K,-0.0279
2018年6月25日,6256.6,6155.1,6331.2,6101.7,210.69K,0.0166
2018年6月24日,6154.6,6167.9,6248.3,5785.3,240.60K,-0.0021
2018年6月23日,6167.3,6055.2,6259,6032.8,142.90K,0.0184
2018年6月22日,6055.7,6728.2,6739.7,5955,278.22K,-0.0999
2018年6月21日,6728,6765.8,6797.5,6695.1,99.29K,-0.0055
2018年6月20日,6765.4,6752.3,6812.7,6575.1,121.48K,0.0019
2018年6月19日,6752.4,6719.8,6839.5,6681.5,120.54K,0.0049
2018年6月18日,6719.8,6460.5,6794.5,6410.9,135.70K,0.0402
2018年6月17日,6460.3,6505.8,6593,6452.1,90.67K,-0.007
2018年6月16日,6505.8,6410,6564.2,6358,108.79K,0.0149
2018年6月15日,6410.3,6647.3,6655.8,6395.7,143.53K,-0.0356
2018年6月14日,6647.1,6312.3,6711.5,6283.6,201.54K,0.053
